ProteinID,Site,glytoucan_ac,composition,Peptide,Start,End,Length,Sequon,GlycopeptideMass,PeptideMass,glycan_mass,Hydrophobicity,pI,Protease,GlycosylationType,MissedCleavages,Species,TaxonID,GeneName,ProteinEvidence,SequenceVersion,z2
sp|Q108U0|CFTR_LOXAF,48,G80920RR,HexNAc(2)Hex(9),LSDIYQIPSVDSADNLSEK,34,53,19,NLSE,3957.65060140828,2093.01644440828,1864.634157,-0.44,4.05,trypsin,N,0,Loxodonta africana,9785,CFTR,3,1,1979.8325767041401
sp|Q108U0|CFTR_LOXAF,48,G62765YT,HexNAc(2)Hex(8),LSDIYQIPSVDSADNLSEK,34,53,19,NLSE,3795.5977774082803,2093.01644440828,1702.581333,-0.44,4.05,trypsin,N,0,Loxodonta africana,9785,CFTR,3,1,1898.8061647041402
sp|Q108U0|CFTR_LOXAF,48,G31852PQ,HexNAc(2)Hex(7),LSDIYQIPSVDSADNLSEK,34,53,19,NLSE,3633.5449544082803,2093.01644440828,1540.52851,-0.44,4.05,trypsin,N,0,Loxodonta africana,9785,CFTR,3,1,1817.7797532041402
sp|Q108U0|CFTR_LOXAF,48,G41247ZX,HexNAc(2)Hex(6),LSDIYQIPSVDSADNLSEK,34,53,19,NLSE,3471.49213040828,2093.01644440828,1378.475686,-0.44,4.05,trypsin,N,0,Loxodonta africana,9785,CFTR,3,1,1736.75334120414
sp|Q108U0|CFTR_LOXAF,386,G80920RR,HexNAc(2)Hex(9),TLEYNLTTTDVVMENVTAFWEEGFGELFEK,382,412,30,NLTT,5376.27227650426,3511.6381195042604,1864.634157,-0.19,4.05,trypsin,N,0,Loxodonta africana,9785,CFTR,3,1,2689.14341425213
sp|Q108U0|CFTR_LOXAF,386,G62765YT,HexNAc(2)Hex(8),TLEYNLTTTDVVMENVTAFWEEGFGELFEK,382,412,30,NLTT,5214.2194525042605,3511.6381195042604,1702.581333,-0.19,4.05,trypsin,N,0,Loxodonta africana,9785,CFTR,3,1,2608.11700225213
sp|Q108U0|CFTR_LOXAF,386,G31852PQ,HexNAc(2)Hex(7),TLEYNLTTTDVVMENVTAFWEEGFGELFEK,382,412,30,NLTT,5052.1666295042605,3511.6381195042604,1540.52851,-0.19,4.05,trypsin,N,0,Loxodonta africana,9785,CFTR,3,1,2527.09059075213
sp|Q108U0|CFTR_LOXAF,386,G41247ZX,HexNAc(2)Hex(6),TLEYNLTTTDVVMENVTAFWEEGFGELFEK,382,412,30,NLTT,4890.11380550426,3511.6381195042604,1378.475686,-0.19,4.05,trypsin,N,0,Loxodonta africana,9785,CFTR,3,1,2446.06417875213
sp|Q108U0|CFTR_LOXAF,396,G80920RR,HexNAc(2)Hex(9),TLEYNLTTTDVVMENVTAFWEEGFGELFEK,382,412,30,NVTA,5376.27227650426,3511.6381195042604,1864.634157,-0.19,4.05,trypsin,N,0,Loxodonta africana,9785,CFTR,3,1,2689.14341425213
sp|Q108U0|CFTR_LOXAF,396,G62765YT,HexNAc(2)Hex(8),TLEYNLTTTDVVMENVTAFWEEGFGELFEK,382,412,30,NVTA,5214.2194525042605,3511.6381195042604,1702.581333,-0.19,4.05,trypsin,N,0,Loxodonta africana,9785,CFTR,3,1,2608.11700225213
sp|Q108U0|CFTR_LOXAF,396,G31852PQ,HexNAc(2)Hex(7),TLEYNLTTTDVVMENVTAFWEEGFGELFEK,382,412,30,NVTA,5052.1666295042605,3511.6381195042604,1540.52851,-0.19,4.05,trypsin,N,0,Loxodonta africana,9785,CFTR,3,1,2527.09059075213
sp|Q108U0|CFTR_LOXAF,396,G41247ZX,HexNAc(2)Hex(6),TLEYNLTTTDVVMENVTAFWEEGFGELFEK,382,412,30,NVTA,4890.11380550426,3511.6381195042604,1378.475686,-0.19,4.05,trypsin,N,0,Loxodonta africana,9785,CFTR,3,1,2446.06417875213
sp|Q108U0|CFTR_LOXAF,432,G80920RR,HexNAc(2)Hex(9),EISNGDNSLFFSNFSLLGAPVLK,420,443,23,NFSL,4332.89289736231,2468.25874036231,1864.634157,0.31,4.37,trypsin,N,0,Loxodonta africana,9785,CFTR,3,1,2167.4537246811547
sp|Q108U0|CFTR_LOXAF,432,G62765YT,HexNAc(2)Hex(8),EISNGDNSLFFSNFSLLGAPVLK,420,443,23,NFSL,4170.84007336231,2468.25874036231,1702.581333,0.31,4.37,trypsin,N,0,Loxodonta africana,9785,CFTR,3,1,2086.427312681155
sp|Q108U0|CFTR_LOXAF,432,G31852PQ,HexNAc(2)Hex(7),EISNGDNSLFFSNFSLLGAPVLK,420,443,23,NFSL,4008.7872503623103,2468.25874036231,1540.52851,0.31,4.37,trypsin,N,0,Loxodonta africana,9785,CFTR,3,1,2005.4009011811552
sp|Q108U0|CFTR_LOXAF,432,G41247ZX,HexNAc(2)Hex(6),EISNGDNSLFFSNFSLLGAPVLK,420,443,23,NFSL,3846.73442636231,2468.25874036231,1378.475686,0.31,4.37,trypsin,N,0,Loxodonta africana,9785,CFTR,3,1,1924.374489181155
sp|Q108U0|CFTR_LOXAF,679,G80920RR,HexNAc(2)Hex(9),FSLEGDTVSWNETK,669,683,14,NETK,3476.3758235575096,1611.74166655751,1864.634157,-0.81,4.14,trypsin,N,0,Loxodonta africana,9785,CFTR,3,1,1739.1951877787549
sp|Q108U0|CFTR_LOXAF,679,G62765YT,HexNAc(2)Hex(8),FSLEGDTVSWNETK,669,683,14,NETK,3314.3229995575102,1611.74166655751,1702.581333,-0.81,4.14,trypsin,N,0,Loxodonta africana,9785,CFTR,3,1,1658.1687757787552
sp|Q108U0|CFTR_LOXAF,679,G31852PQ,HexNAc(2)Hex(7),FSLEGDTVSWNETK,669,683,14,NETK,3152.2701765575102,1611.74166655751,1540.52851,-0.81,4.14,trypsin,N,0,Loxodonta africana,9785,CFTR,3,1,1577.1423642787552
sp|Q108U0|CFTR_LOXAF,679,G41247ZX,HexNAc(2)Hex(6),FSLEGDTVSWNETK,669,683,14,NETK,2990.21735255751,1611.74166655751,1378.475686,-0.81,4.14,trypsin,N,0,Loxodonta africana,9785,CFTR,3,1,1496.115952278755
sp|Q108U0|CFTR_LOXAF,801,G80920RR,HexNAc(2)Hex(9),MSLAPQANLTEMDIYSR,794,811,17,NLTE,3803.5520907506598,1938.91793375066,1864.634157,-0.25,4.37,trypsin,N,0,Loxodonta africana,9785,CFTR,3,1,1902.78332137533
sp|Q108U0|CFTR_LOXAF,801,G62765YT,HexNAc(2)Hex(8),MSLAPQANLTEMDIYSR,794,811,17,NLTE,3641.4992667506604,1938.91793375066,1702.581333,-0.25,4.37,trypsin,N,0,Loxodonta africana,9785,CFTR,3,1,1821.7569093753302
sp|Q108U0|CFTR_LOXAF,801,G31852PQ,HexNAc(2)Hex(7),MSLAPQANLTEMDIYSR,794,811,17,NLTE,3479.4464437506604,1938.91793375066,1540.52851,-0.25,4.37,trypsin,N,0,Loxodonta africana,9785,CFTR,3,1,1740.7304978753302
sp|Q108U0|CFTR_LOXAF,801,G41247ZX,HexNAc(2)Hex(6),MSLAPQANLTEMDIYSR,794,811,17,NLTE,3317.39361975066,1938.91793375066,1378.475686,-0.25,4.37,trypsin,N,0,Loxodonta africana,9785,CFTR,3,1,1659.70408587533
sp|Q108U0|CFTR_LOXAF,894,G80920RR,HexNAc(2)Hex(9),GNNTTVNANSSYGVIVTNTSSYYLLYIYVGIADSLFALAIFR,893,935,42,NNTT,6428.950753090101,4564.316596090101,1864.634157,0.54,5.83,trypsin,N,0,Loxodonta africana,9785,CFTR,3,1,3215.4826525450503
sp|Q108U0|CFTR_LOXAF,894,G62765YT,HexNAc(2)Hex(8),GNNTTVNANSSYGVIVTNTSSYYLLYIYVGIADSLFALAIFR,893,935,42,NNTT,6266.897929090101,4564.316596090101,1702.581333,0.54,5.83,trypsin,N,0,Loxodonta africana,9785,CFTR,3,1,3134.45624054505
sp|Q108U0|CFTR_LOXAF,894,G31852PQ,HexNAc(2)Hex(7),GNNTTVNANSSYGVIVTNTSSYYLLYIYVGIADSLFALAIFR,893,935,42,NNTT,6104.845106090101,4564.316596090101,1540.52851,0.54,5.83,trypsin,N,0,Loxodonta africana,9785,CFTR,3,1,3053.42982904505
sp|Q108U0|CFTR_LOXAF,894,G41247ZX,HexNAc(2)Hex(6),GNNTTVNANSSYGVIVTNTSSYYLLYIYVGIADSLFALAIFR,893,935,42,NNTT,5942.7922820901,4564.316596090101,1378.475686,0.54,5.83,trypsin,N,0,Loxodonta africana,9785,CFTR,3,1,2972.40341704505
sp|Q108U0|CFTR_LOXAF,901,G80920RR,HexNAc(2)Hex(9),GNNTTVNANSSYGVIVTNTSSYYLLYIYVGIADSLFALAIFR,893,935,42,NSSY,6428.950753090101,4564.316596090101,1864.634157,0.54,5.83,trypsin,N,0,Loxodonta africana,9785,CFTR,3,1,3215.4826525450503
sp|Q108U0|CFTR_LOXAF,901,G62765YT,HexNAc(2)Hex(8),GNNTTVNANSSYGVIVTNTSSYYLLYIYVGIADSLFALAIFR,893,935,42,NSSY,6266.897929090101,4564.316596090101,1702.581333,0.54,5.83,trypsin,N,0,Loxodonta africana,9785,CFTR,3,1,3134.45624054505
sp|Q108U0|CFTR_LOXAF,901,G31852PQ,HexNAc(2)Hex(7),GNNTTVNANSSYGVIVTNTSSYYLLYIYVGIADSLFALAIFR,893,935,42,NSSY,6104.845106090101,4564.316596090101,1540.52851,0.54,5.83,trypsin,N,0,Loxodonta africana,9785,CFTR,3,1,3053.42982904505
sp|Q108U0|CFTR_LOXAF,901,G41247ZX,HexNAc(2)Hex(6),GNNTTVNANSSYGVIVTNTSSYYLLYIYVGIADSLFALAIFR,893,935,42,NSSY,5942.7922820901,4564.316596090101,1378.475686,0.54,5.83,trypsin,N,0,Loxodonta africana,9785,CFTR,3,1,2972.40341704505
sp|Q108U0|CFTR_LOXAF,910,G80920RR,HexNAc(2)Hex(9),GNNTTVNANSSYGVIVTNTSSYYLLYIYVGIADSLFALAIFR,893,935,42,NTSS,6428.950753090101,4564.316596090101,1864.634157,0.54,5.83,trypsin,N,0,Loxodonta africana,9785,CFTR,3,1,3215.4826525450503
sp|Q108U0|CFTR_LOXAF,910,G62765YT,HexNAc(2)Hex(8),GNNTTVNANSSYGVIVTNTSSYYLLYIYVGIADSLFALAIFR,893,935,42,NTSS,6266.897929090101,4564.316596090101,1702.581333,0.54,5.83,trypsin,N,0,Loxodonta africana,9785,CFTR,3,1,3134.45624054505
sp|Q108U0|CFTR_LOXAF,910,G31852PQ,HexNAc(2)Hex(7),GNNTTVNANSSYGVIVTNTSSYYLLYIYVGIADSLFALAIFR,893,935,42,NTSS,6104.845106090101,4564.316596090101,1540.52851,0.54,5.83,trypsin,N,0,Loxodonta africana,9785,CFTR,3,1,3053.42982904505
sp|Q108U0|CFTR_LOXAF,910,G41247ZX,HexNAc(2)Hex(6),GNNTTVNANSSYGVIVTNTSSYYLLYIYVGIADSLFALAIFR,893,935,42,NTSS,5942.7922820901,4564.316596090101,1378.475686,0.54,5.83,trypsin,N,0,Loxodonta africana,9785,CFTR,3,1,2972.40341704505
sp|Q108U0|CFTR_LOXAF,1149,G80920RR,HexNAc(2)Hex(9),IEIIFVIFFIAVTFVSILTTGEGEGTIGIILTLAMNIMNTLQWAVNSSIDVDSLMR,1104,1160,56,NSSI,7993.887755051341,6129.25359805134,1864.634157,1.18,4.05,trypsin,N,0,Loxodonta africana,9785,CFTR,3,1,3997.95115352567
sp|Q108U0|CFTR_LOXAF,1149,G62765YT,HexNAc(2)Hex(8),IEIIFVIFFIAVTFVSILTTGEGEGTIGIILTLAMNIMNTLQWAVNSSIDVDSLMR,1104,1160,56,NSSI,7831.83493105134,6129.25359805134,1702.581333,1.18,4.05,trypsin,N,0,Loxodonta africana,9785,CFTR,3,1,3916.92474152567
sp|Q108U0|CFTR_LOXAF,1149,G31852PQ,HexNAc(2)Hex(7),IEIIFVIFFIAVTFVSILTTGEGEGTIGIILTLAMNIMNTLQWAVNSSIDVDSLMR,1104,1160,56,NSSI,7669.78210805134,6129.25359805134,1540.52851,1.18,4.05,trypsin,N,0,Loxodonta africana,9785,CFTR,3,1,3835.89833002567
sp|Q108U0|CFTR_LOXAF,1149,G41247ZX,HexNAc(2)Hex(6),IEIIFVIFFIAVTFVSILTTGEGEGTIGIILTLAMNIMNTLQWAVNSSIDVDSLMR,1104,1160,56,NSSI,7507.72928405134,6129.25359805134,1378.475686,1.18,4.05,trypsin,N,0,Loxodonta africana,9785,CFTR,3,1,3754.87191802567
sp|Q108U0|CFTR_LOXAF,1231,G80920RR,HexNAc(2)Hex(9),YIDGGNAILENISFSISPGQR,1221,1242,21,NISF,4114.76221754593,2250.12806054593,1864.634157,-0.1,4.37,trypsin,N,0,Loxodonta africana,9785,CFTR,3,1,2058.388384772965
sp|Q108U0|CFTR_LOXAF,1231,G62765YT,HexNAc(2)Hex(8),YIDGGNAILENISFSISPGQR,1221,1242,21,NISF,3952.70939354593,2250.12806054593,1702.581333,-0.1,4.37,trypsin,N,0,Loxodonta africana,9785,CFTR,3,1,1977.3619727729651
sp|Q108U0|CFTR_LOXAF,1231,G31852PQ,HexNAc(2)Hex(7),YIDGGNAILENISFSISPGQR,1221,1242,21,NISF,3790.65657054593,2250.12806054593,1540.52851,-0.1,4.37,trypsin,N,0,Loxodonta africana,9785,CFTR,3,1,1896.3355612729652
sp|Q108U0|CFTR_LOXAF,1231,G41247ZX,HexNAc(2)Hex(6),YIDGGNAILENISFSISPGQR,1221,1242,21,NISF,3628.6037465459303,2250.12806054593,1378.475686,-0.1,4.37,trypsin,N,0,Loxodonta africana,9785,CFTR,3,1,1815.3091492729652
sp|Q108U0|CFTR_LOXAF,1456,G80920RR,HexNAc(2)Hex(9),NSSR,1456,1460,4,NSSR,2326.85281695698,462.21865995698,1864.634157,-2.4,9.75,trypsin,N,0,Loxodonta africana,9785,CFTR,3,1,1164.43368447849
sp|Q108U0|CFTR_LOXAF,1456,G62765YT,HexNAc(2)Hex(8),NSSR,1456,1460,4,NSSR,2164.79999295698,462.21865995698,1702.581333,-2.4,9.75,trypsin,N,0,Loxodonta africana,9785,CFTR,3,1,1083.40727247849
sp|Q108U0|CFTR_LOXAF,1456,G31852PQ,HexNAc(2)Hex(7),NSSR,1456,1460,4,NSSR,2002.74716995698,462.21865995698,1540.52851,-2.4,9.75,trypsin,N,0,Loxodonta africana,9785,CFTR,3,1,1002.3808609784901
sp|Q108U0|CFTR_LOXAF,1456,G41247ZX,HexNAc(2)Hex(6),NSSR,1456,1460,4,NSSR,1840.69434595698,462.21865995698,1378.475686,-2.4,9.75,trypsin,N,0,Loxodonta africana,9785,CFTR,3,1,921.35444897849
sp|Q108U2|WNT2_LOXAF,295,G80920RR,HexNAc(2)Hex(9),VCNLTSR,293,300,7,NLTS,2656.03012969595,791.39597269595,1864.634157,0.14,8.22,trypsin,N,0,Loxodonta africana,9785,WNT2,3,1,1329.022340847975
sp|Q108U2|WNT2_LOXAF,295,G62765YT,HexNAc(2)Hex(8),VCNLTSR,293,300,7,NLTS,2493.9773056959502,791.39597269595,1702.581333,0.14,8.22,trypsin,N,0,Loxodonta africana,9785,WNT2,3,1,1247.9959288479752
sp|Q108U2|WNT2_LOXAF,295,G31852PQ,HexNAc(2)Hex(7),VCNLTSR,293,300,7,NLTS,2331.9244826959502,791.39597269595,1540.52851,0.14,8.22,trypsin,N,0,Loxodonta africana,9785,WNT2,3,1,1166.9695173479752
sp|Q108U2|WNT2_LOXAF,295,G41247ZX,HexNAc(2)Hex(6),VCNLTSR,293,300,7,NLTS,2169.87165869595,791.39597269595,1378.475686,0.14,8.22,trypsin,N,0,Loxodonta africana,9785,WNT2,3,1,1085.943105347975
sp|Q108U6|MET_LOXAF,45,G80920RR,HexNAc(2)Hex(9),YQLPNFTADTPIQNVVLHEHHIFLGAINNIYVLNDK,41,77,36,NFTA,6024.78250599654,4160.148348996539,1864.634157,-0.03,5.73,trypsin,N,0,Loxodonta africana,9785,MET,3,1,3013.3985289982697
sp|Q108U6|MET_LOXAF,45,G62765YT,HexNAc(2)Hex(8),YQLPNFTADTPIQNVVLHEHHIFLGAINNIYVLNDK,41,77,36,NFTA,5862.7296819965395,4160.148348996539,1702.581333,-0.03,5.73,trypsin,N,0,Loxodonta africana,9785,MET,3,1,2932.3721169982696
sp|Q108U6|MET_LOXAF,45,G31852PQ,HexNAc(2)Hex(7),YQLPNFTADTPIQNVVLHEHHIFLGAINNIYVLNDK,41,77,36,NFTA,5700.6768589965395,4160.148348996539,1540.52851,-0.03,5.73,trypsin,N,0,Loxodonta africana,9785,MET,3,1,2851.3457054982696
sp|Q108U6|MET_LOXAF,45,G41247ZX,HexNAc(2)Hex(6),YQLPNFTADTPIQNVVLHEHHIFLGAINNIYVLNDK,41,77,36,NFTA,5538.624034996539,4160.148348996539,1378.475686,-0.03,5.73,trypsin,N,0,Loxodonta africana,9785,MET,3,1,2770.3192934982694
sp|Q108U6|MET_LOXAF,106,G80920RR,HexNAc(2)Hex(9),ANLSGSVWK,105,114,9,NLSG,2825.13703729264,960.50288029264,1864.634157,-0.06,8.8,trypsin,N,0,Loxodonta africana,9785,MET,3,1,1413.57579464632
sp|Q108U6|MET_LOXAF,106,G62765YT,HexNAc(2)Hex(8),ANLSGSVWK,105,114,9,NLSG,2663.08421329264,960.50288029264,1702.581333,-0.06,8.8,trypsin,N,0,Loxodonta africana,9785,MET,3,1,1332.54938264632
sp|Q108U6|MET_LOXAF,106,G31852PQ,HexNAc(2)Hex(7),ANLSGSVWK,105,114,9,NLSG,2501.03139029264,960.50288029264,1540.52851,-0.06,8.8,trypsin,N,0,Loxodonta africana,9785,MET,3,1,1251.52297114632
sp|Q108U6|MET_LOXAF,106,G41247ZX,HexNAc(2)Hex(6),ANLSGSVWK,105,114,9,NLSG,2338.97856629264,960.50288029264,1378.475686,-0.06,8.8,trypsin,N,0,Loxodonta africana,9785,MET,3,1,1170.4965591463201
sp|Q108U6|MET_LOXAF,203,G80920RR,HexNAc(2)Hex(9),FINFFVGNTVNSSYLPDHSLHSISVR,193,219,26,NSSY,4814.11149774964,2949.47734074964,1864.634157,0.18,6.92,trypsin,N,0,Loxodonta africana,9785,MET,3,1,2408.06302487482
sp|Q108U6|MET_LOXAF,203,G62765YT,HexNAc(2)Hex(8),FINFFVGNTVNSSYLPDHSLHSISVR,193,219,26,NSSY,4652.05867374964,2949.47734074964,1702.581333,0.18,6.92,trypsin,N,0,Loxodonta africana,9785,MET,3,1,2327.0366128748196
sp|Q108U6|MET_LOXAF,203,G31852PQ,HexNAc(2)Hex(7),FINFFVGNTVNSSYLPDHSLHSISVR,193,219,26,NSSY,4490.00585074964,2949.47734074964,1540.52851,0.18,6.92,trypsin,N,0,Loxodonta africana,9785,MET,3,1,2246.0102013748196
sp|Q108U6|MET_LOXAF,203,G41247ZX,HexNAc(2)Hex(6),FINFFVGNTVNSSYLPDHSLHSISVR,193,219,26,NSSY,4327.95302674964,2949.47734074964,1378.475686,0.18,6.92,trypsin,N,0,Loxodonta africana,9785,MET,3,1,2164.98378937482
sp|Q108U6|MET_LOXAF,406,G80920RR,HexNAc(2)Hex(9),NSSGCEVR,406,414,8,NSSG,2714.99447246322,850.36031546322,1864.634157,-0.85,5.99,trypsin,N,0,Loxodonta africana,9785,MET,3,1,1358.50451223161
sp|Q108U6|MET_LOXAF,406,G62765YT,HexNAc(2)Hex(8),NSSGCEVR,406,414,8,NSSG,2552.94164846322,850.36031546322,1702.581333,-0.85,5.99,trypsin,N,0,Loxodonta africana,9785,MET,3,1,1277.4781002316101
sp|Q108U6|MET_LOXAF,406,G31852PQ,HexNAc(2)Hex(7),NSSGCEVR,406,414,8,NSSG,2390.88882546322,850.36031546322,1540.52851,-0.85,5.99,trypsin,N,0,Loxodonta africana,9785,MET,3,1,1196.4516887316101
sp|Q108U6|MET_LOXAF,406,G41247ZX,HexNAc(2)Hex(6),NSSGCEVR,406,414,8,NSSG,2228.83600146322,850.36031546322,1378.475686,-0.85,5.99,trypsin,N,0,Loxodonta africana,9785,MET,3,1,1115.42527673161
sp|Q108U6|MET_LOXAF,450,G80920RR,HexNAc(2)Hex(9),GNLTIANLGTSEGR,449,463,14,NLTI,3266.35536289645,1401.72120589645,1864.634157,-0.32,6.0,trypsin,N,0,Loxodonta africana,9785,MET,3,1,1634.184957448225
sp|Q108U6|MET_LOXAF,450,G62765YT,HexNAc(2)Hex(8),GNLTIANLGTSEGR,449,463,14,NLTI,3104.30253889645,1401.72120589645,1702.581333,-0.32,6.0,trypsin,N,0,Loxodonta africana,9785,MET,3,1,1553.1585454482251
sp|Q108U6|MET_LOXAF,450,G31852PQ,HexNAc(2)Hex(7),GNLTIANLGTSEGR,449,463,14,NLTI,2942.24971589645,1401.72120589645,1540.52851,-0.32,6.0,trypsin,N,0,Loxodonta africana,9785,MET,3,1,1472.1321339482251
sp|Q108U6|MET_LOXAF,450,G41247ZX,HexNAc(2)Hex(6),GNLTIANLGTSEGR,449,463,14,NLTI,2780.1968918964503,1401.72120589645,1378.475686,-0.32,6.0,trypsin,N,0,Loxodonta africana,9785,MET,3,1,1391.1057219482252
sp|Q108U6|MET_LOXAF,608,G80920RR,HexNAc(2)Hex(9),VLIGNDSCTLTLSESTTNTLK,604,625,21,NDSC,4073.74893555056,2209.11477855056,1864.634157,0.1,4.37,trypsin,N,0,Loxodonta africana,9785,MET,3,1,2037.88174377528
sp|Q108U6|MET_LOXAF,608,G62765YT,HexNAc(2)Hex(8),VLIGNDSCTLTLSESTTNTLK,604,625,21,NDSC,3911.69611155056,2209.11477855056,1702.581333,0.1,4.37,trypsin,N,0,Loxodonta africana,9785,MET,3,1,1956.85533177528
sp|Q108U6|MET_LOXAF,608,G31852PQ,HexNAc(2)Hex(7),VLIGNDSCTLTLSESTTNTLK,604,625,21,NDSC,3749.64328855056,2209.11477855056,1540.52851,0.1,4.37,trypsin,N,0,Loxodonta africana,9785,MET,3,1,1875.82892027528
sp|Q108U6|MET_LOXAF,608,G41247ZX,HexNAc(2)Hex(6),VLIGNDSCTLTLSESTTNTLK,604,625,21,NDSC,3587.59046455056,2209.11477855056,1378.475686,0.1,4.37,trypsin,N,0,Loxodonta africana,9785,MET,3,1,1794.80250827528
sp|Q108U6|MET_LOXAF,636,G80920RR,HexNAc(2)Hex(9),HFNLSIIISNGR,634,646,12,NLSI,3234.38078979865,1369.74663279865,1864.634157,0.28,9.76,trypsin,N,0,Loxodonta africana,9785,MET,3,1,1618.197670899325
sp|Q108U6|MET_LOXAF,636,G62765YT,HexNAc(2)Hex(8),HFNLSIIISNGR,634,646,12,NLSI,3072.32796579865,1369.74663279865,1702.581333,0.28,9.76,trypsin,N,0,Loxodonta africana,9785,MET,3,1,1537.171258899325
sp|Q108U6|MET_LOXAF,636,G31852PQ,HexNAc(2)Hex(7),HFNLSIIISNGR,634,646,12,NLSI,2910.27514279865,1369.74663279865,1540.52851,0.28,9.76,trypsin,N,0,Loxodonta africana,9785,MET,3,1,1456.144847399325
sp|Q108U6|MET_LOXAF,636,G41247ZX,HexNAc(2)Hex(6),HFNLSIIISNGR,634,646,12,NLSI,2748.22231879865,1369.74663279865,1378.475686,0.28,9.76,trypsin,N,0,Loxodonta africana,9785,MET,3,1,1375.118435399325
sp|Q108U6|MET_LOXAF,786,G80920RR,HexNAc(2)Hex(9),NFTVACQHR,786,795,9,NFTV,2939.13705437598,1074.50289737598,1864.634157,-0.46,8.26,trypsin,N,0,Loxodonta africana,9785,MET,3,1,1470.57580318799
sp|Q108U6|MET_LOXAF,786,G62765YT,HexNAc(2)Hex(8),NFTVACQHR,786,795,9,NFTV,2777.08423037598,1074.50289737598,1702.581333,-0.46,8.26,trypsin,N,0,Loxodonta africana,9785,MET,3,1,1389.54939118799
sp|Q108U6|MET_LOXAF,786,G31852PQ,HexNAc(2)Hex(7),NFTVACQHR,786,795,9,NFTV,2615.03140737598,1074.50289737598,1540.52851,-0.46,8.26,trypsin,N,0,Loxodonta africana,9785,MET,3,1,1308.52297968799
sp|Q108U6|MET_LOXAF,786,G41247ZX,HexNAc(2)Hex(6),NFTVACQHR,786,795,9,NFTV,2452.9785833759797,1074.50289737598,1378.475686,-0.46,8.26,trypsin,N,0,Loxodonta africana,9785,MET,3,1,1227.49656768799
sp|Q108U6|MET_LOXAF,931,G80920RR,HexNAc(2)Hex(9),VIVQPDQNFTGLIVGVVSISIILLLLLGLFLWLK,924,958,34,NFTG,5597.89070648135,3733.25654948135,1864.634157,1.75,5.81,trypsin,N,0,Loxodonta africana,9785,MET,3,1,2799.952629240675
sp|Q108U6|MET_LOXAF,931,G62765YT,HexNAc(2)Hex(8),VIVQPDQNFTGLIVGVVSISIILLLLLGLFLWLK,924,958,34,NFTG,5435.83788248135,3733.25654948135,1702.581333,1.75,5.81,trypsin,N,0,Loxodonta africana,9785,MET,3,1,2718.9262172406748
sp|Q108U6|MET_LOXAF,931,G31852PQ,HexNAc(2)Hex(7),VIVQPDQNFTGLIVGVVSISIILLLLLGLFLWLK,924,958,34,NFTG,5273.78505948135,3733.25654948135,1540.52851,1.75,5.81,trypsin,N,0,Loxodonta africana,9785,MET,3,1,2637.8998057406748
sp|Q108U6|MET_LOXAF,931,G41247ZX,HexNAc(2)Hex(6),VIVQPDQNFTGLIVGVVSISIILLLLLGLFLWLK,924,958,34,NFTG,5111.73223548135,3733.25654948135,1378.475686,1.75,5.81,trypsin,N,0,Loxodonta africana,9785,MET,3,1,2556.8733937406746
sp|Q108U6|MET_LOXAF,999,G80920RR,HexNAc(2)Hex(9),SVSPTTEMVSNESVDYR,989,1006,17,NESV,3764.4861789354695,1899.8520219354696,1864.634157,-0.68,4.14,trypsin,N,0,Loxodonta africana,9785,MET,3,1,1883.2503654677348
sp|Q108U6|MET_LOXAF,999,G62765YT,HexNAc(2)Hex(8),SVSPTTEMVSNESVDYR,989,1006,17,NESV,3602.4333549354697,1899.8520219354696,1702.581333,-0.68,4.14,trypsin,N,0,Loxodonta africana,9785,MET,3,1,1802.2239534677349
sp|Q108U6|MET_LOXAF,999,G31852PQ,HexNAc(2)Hex(7),SVSPTTEMVSNESVDYR,989,1006,17,NESV,3440.3805319354697,1899.8520219354696,1540.52851,-0.68,4.14,trypsin,N,0,Loxodonta africana,9785,MET,3,1,1721.1975419677349
sp|Q108U6|MET_LOXAF,999,G41247ZX,HexNAc(2)Hex(6),SVSPTTEMVSNESVDYR,989,1006,17,NESV,3278.3277079354693,1899.8520219354696,1378.475686,-0.68,4.14,trypsin,N,0,Loxodonta africana,9785,MET,3,1,1640.1711299677347
sp|Q108U6|MET_LOXAF,1015,G80920RR,HexNAc(2)Hex(9),ATFPEDQFPNSSQNGSCR,1006,1024,18,NSSQ,3848.47226020683,1983.83810320683,1864.634157,-1.24,4.37,trypsin,N,0,Loxodonta africana,9785,MET,3,1,1925.243406103415
sp|Q108U6|MET_LOXAF,1015,G62765YT,HexNAc(2)Hex(8),ATFPEDQFPNSSQNGSCR,1006,1024,18,NSSQ,3686.41943620683,1983.83810320683,1702.581333,-1.24,4.37,trypsin,N,0,Loxodonta africana,9785,MET,3,1,1844.2169941034151
sp|Q108U6|MET_LOXAF,1015,G31852PQ,HexNAc(2)Hex(7),ATFPEDQFPNSSQNGSCR,1006,1024,18,NSSQ,3524.36661320683,1983.83810320683,1540.52851,-1.24,4.37,trypsin,N,0,Loxodonta africana,9785,MET,3,1,1763.1905826034151
sp|Q108U6|MET_LOXAF,1015,G41247ZX,HexNAc(2)Hex(6),ATFPEDQFPNSSQNGSCR,1006,1024,18,NSSQ,3362.31378920683,1983.83810320683,1378.475686,-1.24,4.37,trypsin,N,0,Loxodonta africana,9785,MET,3,1,1682.164170603415
sp|Q108U6|MET_LOXAF,1019,G80920RR,HexNAc(2)Hex(9),ATFPEDQFPNSSQNGSCR,1006,1024,18,NGSC,3848.47226020683,1983.83810320683,1864.634157,-1.24,4.37,trypsin,N,0,Loxodonta africana,9785,MET,3,1,1925.243406103415
sp|Q108U6|MET_LOXAF,1019,G62765YT,HexNAc(2)Hex(8),ATFPEDQFPNSSQNGSCR,1006,1024,18,NGSC,3686.41943620683,1983.83810320683,1702.581333,-1.24,4.37,trypsin,N,0,Loxodonta africana,9785,MET,3,1,1844.2169941034151
sp|Q108U6|MET_LOXAF,1019,G31852PQ,HexNAc(2)Hex(7),ATFPEDQFPNSSQNGSCR,1006,1024,18,NGSC,3524.36661320683,1983.83810320683,1540.52851,-1.24,4.37,trypsin,N,0,Loxodonta africana,9785,MET,3,1,1763.1905826034151
sp|Q108U6|MET_LOXAF,1019,G41247ZX,HexNAc(2)Hex(6),ATFPEDQFPNSSQNGSCR,1006,1024,18,NGSC,3362.31378920683,1983.83810320683,1378.475686,-1.24,4.37,trypsin,N,0,Loxodonta africana,9785,MET,3,1,1682.164170603415
sp|Q108U6|MET_LOXAF,1172,G80920RR,HexNAc(2)Hex(9),NETHNPTVK,1172,1181,9,NETH,2903.14357922506,1038.50942222506,1864.634157,-1.82,6.75,trypsin,N,0,Loxodonta africana,9785,MET,3,1,1452.57906561253
sp|Q108U6|MET_LOXAF,1172,G62765YT,HexNAc(2)Hex(8),NETHNPTVK,1172,1181,9,NETH,2741.09075522506,1038.50942222506,1702.581333,-1.82,6.75,trypsin,N,0,Loxodonta africana,9785,MET,3,1,1371.55265361253
sp|Q108U6|MET_LOXAF,1172,G31852PQ,HexNAc(2)Hex(7),NETHNPTVK,1172,1181,9,NETH,2579.03793222506,1038.50942222506,1540.52851,-1.82,6.75,trypsin,N,0,Loxodonta africana,9785,MET,3,1,1290.52624211253
sp|Q108U6|MET_LOXAF,1172,G41247ZX,HexNAc(2)Hex(6),NETHNPTVK,1172,1181,9,NETH,2416.98510822506,1038.50942222506,1378.475686,-1.82,6.75,trypsin,N,0,Loxodonta africana,9785,MET,3,1,1209.49983011253
sp|Q108U6|MET_LOXAF,1354,G80920RR,HexNAc(2)Hex(9),ISAIFSTFIGEHYVHVNTTYVNVK,1338,1362,24,NTTY,4603.04095857833,2738.40680157833,1864.634157,0.43,6.92,trypsin,N,0,Loxodonta africana,9785,MET,3,1,2302.527755289165
sp|Q108U6|MET_LOXAF,1354,G62765YT,HexNAc(2)Hex(8),ISAIFSTFIGEHYVHVNTTYVNVK,1338,1362,24,NTTY,4440.988134578331,2738.40680157833,1702.581333,0.43,6.92,trypsin,N,0,Loxodonta africana,9785,MET,3,1,2221.501343289165
sp|Q108U6|MET_LOXAF,1354,G31852PQ,HexNAc(2)Hex(7),ISAIFSTFIGEHYVHVNTTYVNVK,1338,1362,24,NTTY,4278.935311578331,2738.40680157833,1540.52851,0.43,6.92,trypsin,N,0,Loxodonta africana,9785,MET,3,1,2140.474931789165
sp|Q108U6|MET_LOXAF,1354,G41247ZX,HexNAc(2)Hex(6),ISAIFSTFIGEHYVHVNTTYVNVK,1338,1362,24,NTTY,4116.88248757833,2738.40680157833,1378.475686,0.43,6.92,trypsin,N,0,Loxodonta africana,9785,MET,3,1,2059.448519789165
sp|Q68J47|OPSD_LOXAF,2,G80920RR,HexNAc(2)Hex(9),MNGTEGPNFYVPFSNK,1,17,16,NGTE,3665.4482773051195,1800.8141203051198,1864.634157,-0.81,5.75,trypsin,N,0,Loxodonta africana,9785,RHO,1,1,1833.7314146525598
sp|Q68J47|OPSD_LOXAF,2,G62765YT,HexNAc(2)Hex(8),MNGTEGPNFYVPFSNK,1,17,16,NGTE,3503.39545330512,1800.8141203051198,1702.581333,-0.81,5.75,trypsin,N,0,Loxodonta africana,9785,RHO,1,1,1752.70500265256
sp|Q68J47|OPSD_LOXAF,2,G31852PQ,HexNAc(2)Hex(7),MNGTEGPNFYVPFSNK,1,17,16,NGTE,3341.34263030512,1800.8141203051198,1540.52851,-0.81,5.75,trypsin,N,0,Loxodonta africana,9785,RHO,1,1,1671.67859115256
sp|Q68J47|OPSD_LOXAF,2,G41247ZX,HexNAc(2)Hex(6),MNGTEGPNFYVPFSNK,1,17,16,NGTE,3179.28980630512,1800.8141203051198,1378.475686,-0.81,5.75,trypsin,N,0,Loxodonta africana,9785,RHO,1,1,1590.65217915256
sp|Q68J47|OPSD_LOXAF,200,G80920RR,HexNAc(2)Hex(9),YIPEGMQCSCGIDYYTLKPEVNNESFVIYMFVVHFTIPMTIIFFCYGQLVFTVK,178,232,54,NESF,8201.687875669939,6337.053718669939,1864.634157,0.63,4.83,trypsin,N,0,Loxodonta africana,9785,RHO,1,1,4101.85121383497
sp|Q68J47|OPSD_LOXAF,200,G62765YT,HexNAc(2)Hex(8),YIPEGMQCSCGIDYYTLKPEVNNESFVIYMFVVHFTIPMTIIFFCYGQLVFTVK,178,232,54,NESF,8039.6350516699395,6337.053718669939,1702.581333,0.63,4.83,trypsin,N,0,Loxodonta africana,9785,RHO,1,1,4020.8248018349695
sp|Q68J47|OPSD_LOXAF,200,G31852PQ,HexNAc(2)Hex(7),YIPEGMQCSCGIDYYTLKPEVNNESFVIYMFVVHFTIPMTIIFFCYGQLVFTVK,178,232,54,NESF,7877.5822286699395,6337.053718669939,1540.52851,0.63,4.83,trypsin,N,0,Loxodonta africana,9785,RHO,1,1,3939.7983903349696
sp|Q68J47|OPSD_LOXAF,200,G41247ZX,HexNAc(2)Hex(6),YIPEGMQCSCGIDYYTLKPEVNNESFVIYMFVVHFTIPMTIIFFCYGQLVFTVK,178,232,54,NESF,7715.529404669939,6337.053718669939,1378.475686,0.63,4.83,trypsin,N,0,Loxodonta africana,9785,RHO,1,1,3858.7719783349694
sp|P01955|HBA_LOXAF,131,G80920RR,HexNAc(2)Hex(9),FLSNVSTVLTSK,128,140,12,NVST,3159.3474239816996,1294.7132669817,1864.634157,0.63,8.75,trypsin,N,0,Loxodonta africana,9785,HBA,1,1,1580.6809879908499
sp|P01955|HBA_LOXAF,131,G62765YT,HexNAc(2)Hex(8),FLSNVSTVLTSK,128,140,12,NVST,2997.2945999817002,1294.7132669817,1702.581333,0.63,8.75,trypsin,N,0,Loxodonta africana,9785,HBA,1,1,1499.6545759908502
sp|P01955|HBA_LOXAF,131,G31852PQ,HexNAc(2)Hex(7),FLSNVSTVLTSK,128,140,12,NVST,2835.2417769817002,1294.7132669817,1540.52851,0.63,8.75,trypsin,N,0,Loxodonta africana,9785,HBA,1,1,1418.6281644908502
sp|P01955|HBA_LOXAF,131,G41247ZX,HexNAc(2)Hex(6),FLSNVSTVLTSK,128,140,12,NVST,2673.1889529817,1294.7132669817,1378.475686,0.63,8.75,trypsin,N,0,Loxodonta africana,9785,HBA,1,1,1337.60175249085
sp|P02085|HBB_LOXAF,2,G80920RR,HexNAc(2)Hex(9),VNLTAAEK,1,9,8,NLTA,2709.09958915476,844.46543215476,1864.634157,-0.0,5.97,trypsin,N,0,Loxodonta africana,9785,HBB,1,1,1355.55707057738
sp|P02085|HBB_LOXAF,2,G62765YT,HexNAc(2)Hex(8),VNLTAAEK,1,9,8,NLTA,2547.04676515476,844.46543215476,1702.581333,-0.0,5.97,trypsin,N,0,Loxodonta africana,9785,HBB,1,1,1274.53065857738
sp|P02085|HBB_LOXAF,2,G31852PQ,HexNAc(2)Hex(7),VNLTAAEK,1,9,8,NLTA,2384.99394215476,844.46543215476,1540.52851,-0.0,5.97,trypsin,N,0,Loxodonta africana,9785,HBB,1,1,1193.5042470773801
sp|P02085|HBB_LOXAF,2,G41247ZX,HexNAc(2)Hex(6),VNLTAAEK,1,9,8,NLTA,2222.9411181547603,844.46543215476,1378.475686,-0.0,5.97,trypsin,N,0,Loxodonta africana,9785,HBB,1,1,1112.4778350773802
sp|Q45XH8|HBG_LOXAF,48,G80920RR,HexNAc(2)Hex(9),FFDTFGNLSSASAIMGNPR,42,61,19,NLSS,3895.5861677602597,2030.95201076026,1864.634157,0.09,5.84,trypsin,N,0,Loxodonta africana,9785,HBG,2,2,1948.80035988013
sp|Q45XH8|HBG_LOXAF,48,G62765YT,HexNAc(2)Hex(8),FFDTFGNLSSASAIMGNPR,42,61,19,NLSS,3733.5333437602603,2030.95201076026,1702.581333,0.09,5.84,trypsin,N,0,Loxodonta africana,9785,HBG,2,2,1867.7739478801302
sp|Q45XH8|HBG_LOXAF,48,G31852PQ,HexNAc(2)Hex(7),FFDTFGNLSSASAIMGNPR,42,61,19,NLSS,3571.4805207602603,2030.95201076026,1540.52851,0.09,5.84,trypsin,N,0,Loxodonta africana,9785,HBG,2,2,1786.7475363801302
sp|Q45XH8|HBG_LOXAF,48,G41247ZX,HexNAc(2)Hex(6),FFDTFGNLSSASAIMGNPR,42,61,19,NLSS,3409.42769676026,2030.95201076026,1378.475686,0.09,5.84,trypsin,N,0,Loxodonta africana,9785,HBG,2,2,1705.72112438013
sp|Q45XJ0|HBD_LOXAF,3,G80920RR,HexNAc(2)Hex(9),MVNLTAAEK,1,10,9,NLTA,2840.14007406775,975.50591706775,1864.634157,0.21,5.75,trypsin,N,0,Loxodonta africana,9785,HBD,2,3,1421.077313033875
sp|Q45XJ0|HBD_LOXAF,3,G62765YT,HexNAc(2)Hex(8),MVNLTAAEK,1,10,9,NLTA,2678.08725006775,975.50591706775,1702.581333,0.21,5.75,trypsin,N,0,Loxodonta africana,9785,HBD,2,3,1340.050901033875
sp|Q45XJ0|HBD_LOXAF,3,G31852PQ,HexNAc(2)Hex(7),MVNLTAAEK,1,10,9,NLTA,2516.03442706775,975.50591706775,1540.52851,0.21,5.75,trypsin,N,0,Loxodonta africana,9785,HBD,2,3,1259.024489533875
sp|Q45XJ0|HBD_LOXAF,3,G41247ZX,HexNAc(2)Hex(6),MVNLTAAEK,1,10,9,NLTA,2353.9816030677503,975.50591706775,1378.475686,0.21,5.75,trypsin,N,0,Loxodonta africana,9785,HBD,2,3,1177.9980775338752
sp|Q9TA27|COX1_LOXAF,99,G80920RR,HexNAc(2)Hex(9),MNNMSFWLLPPSFLLLLASSMVEAGAGTGWTVYPPLAGNLAHAGASVDLTIFSLHLAGVSSILSAINFITTIINMKPPAMSQYHMPLFVWSILITAVLLLLSLPVLAAGITMLLTDR,97,214,117,NMSF,14323.282770330321,12458.64861333032,1864.634157,1.01,6.21,trypsin,N,0,Loxodonta africana,9785,MT-CO1,3,1,7162.648661165161
sp|Q9TA27|COX1_LOXAF,99,G62765YT,HexNAc(2)Hex(8),MNNMSFWLLPPSFLLLLASSMVEAGAGTGWTVYPPLAGNLAHAGASVDLTIFSLHLAGVSSILSAINFITTIINMKPPAMSQYHMPLFVWSILITAVLLLLSLPVLAAGITMLLTDR,97,214,117,NMSF,14161.22994633032,12458.64861333032,1702.581333,1.01,6.21,trypsin,N,0,Loxodonta africana,9785,MT-CO1,3,1,7081.622249165161
sp|Q9TA27|COX1_LOXAF,99,G31852PQ,HexNAc(2)Hex(7),MNNMSFWLLPPSFLLLLASSMVEAGAGTGWTVYPPLAGNLAHAGASVDLTIFSLHLAGVSSILSAINFITTIINMKPPAMSQYHMPLFVWSILITAVLLLLSLPVLAAGITMLLTDR,97,214,117,NMSF,13999.17712333032,12458.64861333032,1540.52851,1.01,6.21,trypsin,N,0,Loxodonta africana,9785,MT-CO1,3,1,7000.595837665161
sp|Q9TA27|COX1_LOXAF,99,G41247ZX,HexNAc(2)Hex(6),MNNMSFWLLPPSFLLLLASSMVEAGAGTGWTVYPPLAGNLAHAGASVDLTIFSLHLAGVSSILSAINFITTIINMKPPAMSQYHMPLFVWSILITAVLLLLSLPVLAAGITMLLTDR,97,214,117,NMSF,13837.12429933032,12458.64861333032,1378.475686,1.01,6.21,trypsin,N,0,Loxodonta africana,9785,MT-CO1,3,1,6919.56942566516
sp|Q9TA27|COX1_LOXAF,216,G80920RR,HexNAc(2)Hex(9),NLNTTFFDPAGGGDPILYQHLFWFFGHPEVYILILPGFGMVSHIVTYYSGK,214,265,51,NTTF,7639.50825223824,5774.8740952382395,1864.634157,0.33,5.73,trypsin,N,0,Loxodonta africana,9785,MT-CO1,3,1,3820.76140211912
sp|Q9TA27|COX1_LOXAF,216,G62765YT,HexNAc(2)Hex(8),NLNTTFFDPAGGGDPILYQHLFWFFGHPEVYILILPGFGMVSHIVTYYSGK,214,265,51,NTTF,7477.45542823824,5774.8740952382395,1702.581333,0.33,5.73,trypsin,N,0,Loxodonta africana,9785,MT-CO1,3,1,3739.7349901191196
sp|Q9TA27|COX1_LOXAF,216,G31852PQ,HexNAc(2)Hex(7),NLNTTFFDPAGGGDPILYQHLFWFFGHPEVYILILPGFGMVSHIVTYYSGK,214,265,51,NTTF,7315.40260523824,5774.8740952382395,1540.52851,0.33,5.73,trypsin,N,0,Loxodonta africana,9785,MT-CO1,3,1,3658.7085786191196
sp|Q9TA27|COX1_LOXAF,216,G41247ZX,HexNAc(2)Hex(6),NLNTTFFDPAGGGDPILYQHLFWFFGHPEVYILILPGFGMVSHIVTYYSGK,214,265,51,NTTF,7153.349781238239,5774.8740952382395,1378.475686,0.33,5.73,trypsin,N,0,Loxodonta africana,9785,MT-CO1,3,1,3577.6821666191195
sp|Q9TA27|COX1_LOXAF,360,G80920RR,HexNAc(2)Hex(9),WSPAMMWALGFIFLFTIGGLTGIVLANSSLDIVLHDTYYVVAHFHYVLSMGAVFAIMGGFIHWFPLFSGYTLNYTWAK,334,412,78,NSSL,10656.06522993303,8791.43107293303,1864.634157,0.95,6.42,trypsin,N,0,Loxodonta africana,9785,MT-CO1,3,1,5329.0398909665155
sp|Q9TA27|COX1_LOXAF,360,G62765YT,HexNAc(2)Hex(8),WSPAMMWALGFIFLFTIGGLTGIVLANSSLDIVLHDTYYVVAHFHYVLSMGAVFAIMGGFIHWFPLFSGYTLNYTWAK,334,412,78,NSSL,10494.01240593303,8791.43107293303,1702.581333,0.95,6.42,trypsin,N,0,Loxodonta africana,9785,MT-CO1,3,1,5248.013478966515
sp|Q9TA27|COX1_LOXAF,360,G31852PQ,HexNAc(2)Hex(7),WSPAMMWALGFIFLFTIGGLTGIVLANSSLDIVLHDTYYVVAHFHYVLSMGAVFAIMGGFIHWFPLFSGYTLNYTWAK,334,412,78,NSSL,10331.95958293303,8791.43107293303,1540.52851,0.95,6.42,trypsin,N,0,Loxodonta africana,9785,MT-CO1,3,1,5166.987067466515
sp|Q9TA27|COX1_LOXAF,360,G41247ZX,HexNAc(2)Hex(6),WSPAMMWALGFIFLFTIGGLTGIVLANSSLDIVLHDTYYVVAHFHYVLSMGAVFAIMGGFIHWFPLFSGYTLNYTWAK,334,412,78,NSSL,10169.90675893303,8791.43107293303,1378.475686,0.95,6.42,trypsin,N,0,Loxodonta africana,9785,MT-CO1,3,1,5085.960655466515
sp|Q9TA27|COX1_LOXAF,406,G80920RR,HexNAc(2)Hex(9),WSPAMMWALGFIFLFTIGGLTGIVLANSSLDIVLHDTYYVVAHFHYVLSMGAVFAIMGGFIHWFPLFSGYTLNYTWAK,334,412,78,NYTW,10656.06522993303,8791.43107293303,1864.634157,0.95,6.42,trypsin,N,0,Loxodonta africana,9785,MT-CO1,3,1,5329.0398909665155
sp|Q9TA27|COX1_LOXAF,406,G62765YT,HexNAc(2)Hex(8),WSPAMMWALGFIFLFTIGGLTGIVLANSSLDIVLHDTYYVVAHFHYVLSMGAVFAIMGGFIHWFPLFSGYTLNYTWAK,334,412,78,NYTW,10494.01240593303,8791.43107293303,1702.581333,0.95,6.42,trypsin,N,0,Loxodonta africana,9785,MT-CO1,3,1,5248.013478966515
sp|Q9TA27|COX1_LOXAF,406,G31852PQ,HexNAc(2)Hex(7),WSPAMMWALGFIFLFTIGGLTGIVLANSSLDIVLHDTYYVVAHFHYVLSMGAVFAIMGGFIHWFPLFSGYTLNYTWAK,334,412,78,NYTW,10331.95958293303,8791.43107293303,1540.52851,0.95,6.42,trypsin,N,0,Loxodonta africana,9785,MT-CO1,3,1,5166.987067466515
sp|Q9TA27|COX1_LOXAF,406,G41247ZX,HexNAc(2)Hex(6),WSPAMMWALGFIFLFTIGGLTGIVLANSSLDIVLHDTYYVVAHFHYVLSMGAVFAIMGGFIHWFPLFSGYTLNYTWAK,334,412,78,NYTW,10169.90675893303,8791.43107293303,1378.475686,0.95,6.42,trypsin,N,0,Loxodonta africana,9785,MT-CO1,3,1,5085.960655466515
sp|Q9TA27|COX1_LOXAF,422,G80920RR,HexNAc(2)Hex(9),IQFLVMFIGVNLTFFPQHFLGLSGMPR,412,439,27,NLTF,4973.27870382923,3108.6445468292295,1864.634157,0.97,9.76,trypsin,N,0,Loxodonta africana,9785,MT-CO1,3,1,2487.646627914615
sp|Q9TA27|COX1_LOXAF,422,G62765YT,HexNAc(2)Hex(8),IQFLVMFIGVNLTFFPQHFLGLSGMPR,412,439,27,NLTF,4811.22587982923,3108.6445468292295,1702.581333,0.97,9.76,trypsin,N,0,Loxodonta africana,9785,MT-CO1,3,1,2406.6202159146146
sp|Q9TA27|COX1_LOXAF,422,G31852PQ,HexNAc(2)Hex(7),IQFLVMFIGVNLTFFPQHFLGLSGMPR,412,439,27,NLTF,4649.17305682923,3108.6445468292295,1540.52851,0.97,9.76,trypsin,N,0,Loxodonta africana,9785,MT-CO1,3,1,2325.5938044146146
sp|Q9TA27|COX1_LOXAF,422,G41247ZX,HexNAc(2)Hex(6),IQFLVMFIGVNLTFFPQHFLGLSGMPR,412,439,27,NLTF,4487.120232829229,3108.6445468292295,1378.475686,0.97,9.76,trypsin,N,0,Loxodonta africana,9785,MT-CO1,3,1,2244.5673924146145
sp|Q9TA27|COX1_LOXAF,496,G80920RR,HexNAc(2)Hex(9),EVSVMELTTTNVEWLNGCPPPHHTFEEPAYVK,481,513,32,NGCP,5518.35121261464,3653.7170556146393,1864.634157,-0.44,4.62,trypsin,N,0,Loxodonta africana,9785,MT-CO1,3,1,2760.1828823073197
sp|Q9TA27|COX1_LOXAF,496,G62765YT,HexNAc(2)Hex(8),EVSVMELTTTNVEWLNGCPPPHHTFEEPAYVK,481,513,32,NGCP,5356.298388614639,3653.7170556146393,1702.581333,-0.44,4.62,trypsin,N,0,Loxodonta africana,9785,MT-CO1,3,1,2679.1564703073195
sp|Q9TA27|COX1_LOXAF,496,G31852PQ,HexNAc(2)Hex(7),EVSVMELTTTNVEWLNGCPPPHHTFEEPAYVK,481,513,32,NGCP,5194.245565614639,3653.7170556146393,1540.52851,-0.44,4.62,trypsin,N,0,Loxodonta africana,9785,MT-CO1,3,1,2598.1300588073195
sp|Q9TA27|COX1_LOXAF,496,G41247ZX,HexNAc(2)Hex(6),EVSVMELTTTNVEWLNGCPPPHHTFEEPAYVK,481,513,32,NGCP,5032.192741614639,3653.7170556146393,1378.475686,-0.44,4.62,trypsin,N,0,Loxodonta africana,9785,MT-CO1,3,1,2517.1036468073194
sp|P10765|PRL_LOXAF,56,G80920RR,HexNAc(2)Hex(9),AINSCHTSSISTPEDK,54,70,16,NSCH,3553.40172103552,1688.76756403552,1864.634157,-0.66,5.32,trypsin,N,0,Loxodonta africana,9785,PRL,1,1,1777.70813651776
sp|P10765|PRL_LOXAF,56,G62765YT,HexNAc(2)Hex(8),AINSCHTSSISTPEDK,54,70,16,NSCH,3391.34889703552,1688.76756403552,1702.581333,-0.66,5.32,trypsin,N,0,Loxodonta africana,9785,PRL,1,1,1696.6817245177601
sp|P10765|PRL_LOXAF,56,G31852PQ,HexNAc(2)Hex(7),AINSCHTSSISTPEDK,54,70,16,NSCH,3229.29607403552,1688.76756403552,1540.52851,-0.66,5.32,trypsin,N,0,Loxodonta africana,9785,PRL,1,1,1615.6553130177601
sp|P10765|PRL_LOXAF,56,G41247ZX,HexNAc(2)Hex(6),AINSCHTSSISTPEDK,54,70,16,NSCH,3067.24325003552,1688.76756403552,1378.475686,-0.66,5.32,trypsin,N,0,Loxodonta africana,9785,PRL,1,1,1534.62890101776
sp|P10765|PRL_LOXAF,197,G80920RR,HexNAc(2)Hex(9),IVYNNNC,193,200,7,NNC,2702.9984952145,838.3643382145,1864.634157,-0.09,5.52,trypsin,N,0,Loxodonta africana,9785,PRL,1,1,1352.50652360725
sp|P10765|PRL_LOXAF,197,G62765YT,HexNAc(2)Hex(8),IVYNNNC,193,200,7,NNC,2540.9456712145,838.3643382145,1702.581333,-0.09,5.52,trypsin,N,0,Loxodonta africana,9785,PRL,1,1,1271.4801116072501
sp|P10765|PRL_LOXAF,197,G31852PQ,HexNAc(2)Hex(7),IVYNNNC,193,200,7,NNC,2378.8928482145,838.3643382145,1540.52851,-0.09,5.52,trypsin,N,0,Loxodonta africana,9785,PRL,1,1,1190.4537001072501
sp|P10765|PRL_LOXAF,197,G41247ZX,HexNAc(2)Hex(6),IVYNNNC,193,200,7,NNC,2216.8400242145,838.3643382145,1378.475686,-0.09,5.52,trypsin,N,0,Loxodonta africana,9785,PRL,1,1,1109.42728810725
sp|P24958|CYB_LOXAF,26,G80920RR,HexNAc(2)Hex(9),SFIDLPTPSNISTWWNFGSLLGACLITQILTGLFLAMHYTPDTMTAFSSMSHICR,17,72,55,NIST,7970.598149148749,6105.96399214875,1864.634157,0.52,5.93,trypsin,N,0,Loxodonta africana,9785,MT-CYB,3,2,3986.3063505743744
sp|P24958|CYB_LOXAF,26,G62765YT,HexNAc(2)Hex(8),SFIDLPTPSNISTWWNFGSLLGACLITQILTGLFLAMHYTPDTMTAFSSMSHICR,17,72,55,NIST,7808.54532514875,6105.96399214875,1702.581333,0.52,5.93,trypsin,N,0,Loxodonta africana,9785,MT-CYB,3,2,3905.2799385743747
sp|P24958|CYB_LOXAF,26,G31852PQ,HexNAc(2)Hex(7),SFIDLPTPSNISTWWNFGSLLGACLITQILTGLFLAMHYTPDTMTAFSSMSHICR,17,72,55,NIST,7646.49250214875,6105.96399214875,1540.52851,0.52,5.93,trypsin,N,0,Loxodonta africana,9785,MT-CYB,3,2,3824.2535270743747
sp|P24958|CYB_LOXAF,26,G41247ZX,HexNAc(2)Hex(6),SFIDLPTPSNISTWWNFGSLLGACLITQILTGLFLAMHYTPDTMTAFSSMSHICR,17,72,55,NIST,7484.439678148749,6105.96399214875,1378.475686,0.52,5.93,trypsin,N,0,Loxodonta africana,9785,MT-CYB,3,2,3743.2271150743745
sp|Q108T9|CTTB2_LOXAF,277,G80920RR,HexNAc(2)Hex(9),GNDSKPSLSLPR,276,288,12,NDSK,3134.30187077161,1269.66771377161,1864.634157,-1.15,8.75,trypsin,N,0,Loxodonta africana,9785,CTTNBP2,3,1,1568.158211385805
sp|Q108T9|CTTB2_LOXAF,277,G62765YT,HexNAc(2)Hex(8),GNDSKPSLSLPR,276,288,12,NDSK,2972.2490467716098,1269.66771377161,1702.581333,-1.15,8.75,trypsin,N,0,Loxodonta africana,9785,CTTNBP2,3,1,1487.131799385805
sp|Q108T9|CTTB2_LOXAF,277,G31852PQ,HexNAc(2)Hex(7),GNDSKPSLSLPR,276,288,12,NDSK,2810.1962237716098,1269.66771377161,1540.52851,-1.15,8.75,trypsin,N,0,Loxodonta africana,9785,CTTNBP2,3,1,1406.105387885805
sp|Q108T9|CTTB2_LOXAF,277,G41247ZX,HexNAc(2)Hex(6),GNDSKPSLSLPR,276,288,12,NDSK,2648.14339977161,1269.66771377161,1378.475686,-1.15,8.75,trypsin,N,0,Loxodonta africana,9785,CTTNBP2,3,1,1325.078975885805
sp|Q108T9|CTTB2_LOXAF,401,G80920RR,HexNAc(2)Hex(9),TEENGPSTGSTPDLPSSTPPLPNNTAPPAVQPPSIASQNYSQASSLHSLHSPCANASLHPGVNPR,379,444,65,NNTA,8442.77745674943,6578.14329974943,1864.634157,-0.73,5.72,trypsin,N,0,Loxodonta africana,9785,CTTNBP2,3,1,4222.396004374716
sp|Q108T9|CTTB2_LOXAF,401,G62765YT,HexNAc(2)Hex(8),TEENGPSTGSTPDLPSSTPPLPNNTAPPAVQPPSIASQNYSQASSLHSLHSPCANASLHPGVNPR,379,444,65,NNTA,8280.72463274943,6578.14329974943,1702.581333,-0.73,5.72,trypsin,N,0,Loxodonta africana,9785,CTTNBP2,3,1,4141.3695923747155
sp|Q108T9|CTTB2_LOXAF,401,G31852PQ,HexNAc(2)Hex(7),TEENGPSTGSTPDLPSSTPPLPNNTAPPAVQPPSIASQNYSQASSLHSLHSPCANASLHPGVNPR,379,444,65,NNTA,8118.67180974943,6578.14329974943,1540.52851,-0.73,5.72,trypsin,N,0,Loxodonta africana,9785,CTTNBP2,3,1,4060.343180874715
sp|Q108T9|CTTB2_LOXAF,401,G41247ZX,HexNAc(2)Hex(6),TEENGPSTGSTPDLPSSTPPLPNNTAPPAVQPPSIASQNYSQASSLHSLHSPCANASLHPGVNPR,379,444,65,NNTA,7956.61898574943,6578.14329974943,1378.475686,-0.73,5.72,trypsin,N,0,Loxodonta africana,9785,CTTNBP2,3,1,3979.316768874715
sp|Q108T9|CTTB2_LOXAF,417,G80920RR,HexNAc(2)Hex(9),TEENGPSTGSTPDLPSSTPPLPNNTAPPAVQPPSIASQNYSQASSLHSLHSPCANASLHPGVNPR,379,444,65,NYSQ,8442.77745674943,6578.14329974943,1864.634157,-0.73,5.72,trypsin,N,0,Loxodonta africana,9785,CTTNBP2,3,1,4222.396004374716
sp|Q108T9|CTTB2_LOXAF,417,G62765YT,HexNAc(2)Hex(8),TEENGPSTGSTPDLPSSTPPLPNNTAPPAVQPPSIASQNYSQASSLHSLHSPCANASLHPGVNPR,379,444,65,NYSQ,8280.72463274943,6578.14329974943,1702.581333,-0.73,5.72,trypsin,N,0,Loxodonta africana,9785,CTTNBP2,3,1,4141.3695923747155
sp|Q108T9|CTTB2_LOXAF,417,G31852PQ,HexNAc(2)Hex(7),TEENGPSTGSTPDLPSSTPPLPNNTAPPAVQPPSIASQNYSQASSLHSLHSPCANASLHPGVNPR,379,444,65,NYSQ,8118.67180974943,6578.14329974943,1540.52851,-0.73,5.72,trypsin,N,0,Loxodonta africana,9785,CTTNBP2,3,1,4060.343180874715
sp|Q108T9|CTTB2_LOXAF,417,G41247ZX,HexNAc(2)Hex(6),TEENGPSTGSTPDLPSSTPPLPNNTAPPAVQPPSIASQNYSQASSLHSLHSPCANASLHPGVNPR,379,444,65,NYSQ,7956.61898574943,6578.14329974943,1378.475686,-0.73,5.72,trypsin,N,0,Loxodonta africana,9785,CTTNBP2,3,1,3979.316768874715
sp|Q108T9|CTTB2_LOXAF,433,G80920RR,HexNAc(2)Hex(9),TEENGPSTGSTPDLPSSTPPLPNNTAPPAVQPPSIASQNYSQASSLHSLHSPCANASLHPGVNPR,379,444,65,NASL,8442.77745674943,6578.14329974943,1864.634157,-0.73,5.72,trypsin,N,0,Loxodonta africana,9785,CTTNBP2,3,1,4222.396004374716
sp|Q108T9|CTTB2_LOXAF,433,G62765YT,HexNAc(2)Hex(8),TEENGPSTGSTPDLPSSTPPLPNNTAPPAVQPPSIASQNYSQASSLHSLHSPCANASLHPGVNPR,379,444,65,NASL,8280.72463274943,6578.14329974943,1702.581333,-0.73,5.72,trypsin,N,0,Loxodonta africana,9785,CTTNBP2,3,1,4141.3695923747155
sp|Q108T9|CTTB2_LOXAF,433,G31852PQ,HexNAc(2)Hex(7),TEENGPSTGSTPDLPSSTPPLPNNTAPPAVQPPSIASQNYSQASSLHSLHSPCANASLHPGVNPR,379,444,65,NASL,8118.67180974943,6578.14329974943,1540.52851,-0.73,5.72,trypsin,N,0,Loxodonta africana,9785,CTTNBP2,3,1,4060.343180874715
sp|Q108T9|CTTB2_LOXAF,433,G41247ZX,HexNAc(2)Hex(6),TEENGPSTGSTPDLPSSTPPLPNNTAPPAVQPPSIASQNYSQASSLHSLHSPCANASLHPGVNPR,379,444,65,NASL,7956.61898574943,6578.14329974943,1378.475686,-0.73,5.72,trypsin,N,0,Loxodonta africana,9785,CTTNBP2,3,1,3979.316768874715
sp|Q108T9|CTTB2_LOXAF,463,G80920RR,HexNAc(2)Hex(9),FQGNANDQDQNGNTTQSPPSR,451,472,21,NTTQ,4139.61913512254,2274.98497812254,1864.634157,-2.0,4.21,trypsin,N,0,Loxodonta africana,9785,CTTNBP2,3,1,2070.8168435612697
sp|Q108T9|CTTB2_LOXAF,463,G62765YT,HexNAc(2)Hex(8),FQGNANDQDQNGNTTQSPPSR,451,472,21,NTTQ,3977.56631112254,2274.98497812254,1702.581333,-2.0,4.21,trypsin,N,0,Loxodonta africana,9785,CTTNBP2,3,1,1989.79043156127
sp|Q108T9|CTTB2_LOXAF,463,G31852PQ,HexNAc(2)Hex(7),FQGNANDQDQNGNTTQSPPSR,451,472,21,NTTQ,3815.51348812254,2274.98497812254,1540.52851,-2.0,4.21,trypsin,N,0,Loxodonta africana,9785,CTTNBP2,3,1,1908.76402006127
sp|Q108T9|CTTB2_LOXAF,463,G41247ZX,HexNAc(2)Hex(6),FQGNANDQDQNGNTTQSPPSR,451,472,21,NTTQ,3653.46066412254,2274.98497812254,1378.475686,-2.0,4.21,trypsin,N,0,Loxodonta africana,9785,CTTNBP2,3,1,1827.73760806127
sp|Q108T9|CTTB2_LOXAF,720,G80920RR,HexNAc(2)Hex(9),AETPGLNQPACSDSSLVIPTTIAFCSSINPVSASSCRPGASDSLLVTASGWSPSLTPLLMSGGPAPLAGRPTLLQQAAAQGNVTLLSMLLNEEGLDINYSCEDGHSALYSAAK,639,752,113,NVTL,13262.225603880002,11397.591446880002,1864.634157,0.17,4.28,trypsin,N,0,Loxodonta africana,9785,CTTNBP2,3,1,6632.1200779400015
sp|Q108T9|CTTB2_LOXAF,720,G62765YT,HexNAc(2)Hex(8),AETPGLNQPACSDSSLVIPTTIAFCSSINPVSASSCRPGASDSLLVTASGWSPSLTPLLMSGGPAPLAGRPTLLQQAAAQGNVTLLSMLLNEEGLDINYSCEDGHSALYSAAK,639,752,113,NVTL,13100.172779880002,11397.591446880002,1702.581333,0.17,4.28,trypsin,N,0,Loxodonta africana,9785,CTTNBP2,3,1,6551.093665940001
sp|Q108T9|CTTB2_LOXAF,720,G31852PQ,HexNAc(2)Hex(7),AETPGLNQPACSDSSLVIPTTIAFCSSINPVSASSCRPGASDSLLVTASGWSPSLTPLLMSGGPAPLAGRPTLLQQAAAQGNVTLLSMLLNEEGLDINYSCEDGHSALYSAAK,639,752,113,NVTL,12938.119956880002,11397.591446880002,1540.52851,0.17,4.28,trypsin,N,0,Loxodonta africana,9785,CTTNBP2,3,1,6470.067254440001
sp|Q108T9|CTTB2_LOXAF,720,G41247ZX,HexNAc(2)Hex(6),AETPGLNQPACSDSSLVIPTTIAFCSSINPVSASSCRPGASDSLLVTASGWSPSLTPLLMSGGPAPLAGRPTLLQQAAAQGNVTLLSMLLNEEGLDINYSCEDGHSALYSAAK,639,752,113,NVTL,12776.067132880002,11397.591446880002,1378.475686,0.17,4.28,trypsin,N,0,Loxodonta africana,9785,CTTNBP2,3,1,6389.040842440001
sp|Q108T9|CTTB2_LOXAF,736,G80920RR,HexNAc(2)Hex(9),AETPGLNQPACSDSSLVIPTTIAFCSSINPVSASSCRPGASDSLLVTASGWSPSLTPLLMSGGPAPLAGRPTLLQQAAAQGNVTLLSMLLNEEGLDINYSCEDGHSALYSAAK,639,752,113,NYSC,13262.225603880002,11397.591446880002,1864.634157,0.17,4.28,trypsin,N,0,Loxodonta africana,9785,CTTNBP2,3,1,6632.1200779400015
sp|Q108T9|CTTB2_LOXAF,736,G62765YT,HexNAc(2)Hex(8),AETPGLNQPACSDSSLVIPTTIAFCSSINPVSASSCRPGASDSLLVTASGWSPSLTPLLMSGGPAPLAGRPTLLQQAAAQGNVTLLSMLLNEEGLDINYSCEDGHSALYSAAK,639,752,113,NYSC,13100.172779880002,11397.591446880002,1702.581333,0.17,4.28,trypsin,N,0,Loxodonta africana,9785,CTTNBP2,3,1,6551.093665940001
sp|Q108T9|CTTB2_LOXAF,736,G31852PQ,HexNAc(2)Hex(7),AETPGLNQPACSDSSLVIPTTIAFCSSINPVSASSCRPGASDSLLVTASGWSPSLTPLLMSGGPAPLAGRPTLLQQAAAQGNVTLLSMLLNEEGLDINYSCEDGHSALYSAAK,639,752,113,NYSC,12938.119956880002,11397.591446880002,1540.52851,0.17,4.28,trypsin,N,0,Loxodonta africana,9785,CTTNBP2,3,1,6470.067254440001
sp|Q108T9|CTTB2_LOXAF,736,G41247ZX,HexNAc(2)Hex(6),AETPGLNQPACSDSSLVIPTTIAFCSSINPVSASSCRPGASDSLLVTASGWSPSLTPLLMSGGPAPLAGRPTLLQQAAAQGNVTLLSMLLNEEGLDINYSCEDGHSALYSAAK,639,752,113,NYSC,12776.067132880002,11397.591446880002,1378.475686,0.17,4.28,trypsin,N,0,Loxodonta africana,9785,CTTNBP2,3,1,6389.040842440001
sp|Q108T9|CTTB2_LOXAF,1036,G80920RR,HexNAc(2)Hex(9),GVIQALTNHFQAISSDGWWSLEDVTFNNTTESSIGLGASSVLSIMLGSVSWSPGQSFAQSPWDFLK,1010,1076,66,NNTT,8952.06324022488,7087.42908322488,1864.634157,0.1,4.1,trypsin,N,0,Loxodonta africana,9785,CTTNBP2,3,1,4477.03889611244
sp|Q108T9|CTTB2_LOXAF,1036,G62765YT,HexNAc(2)Hex(8),GVIQALTNHFQAISSDGWWSLEDVTFNNTTESSIGLGASSVLSIMLGSVSWSPGQSFAQSPWDFLK,1010,1076,66,NNTT,8790.010416224879,7087.42908322488,1702.581333,0.1,4.1,trypsin,N,0,Loxodonta africana,9785,CTTNBP2,3,1,4396.01248411244
sp|Q108T9|CTTB2_LOXAF,1036,G31852PQ,HexNAc(2)Hex(7),GVIQALTNHFQAISSDGWWSLEDVTFNNTTESSIGLGASSVLSIMLGSVSWSPGQSFAQSPWDFLK,1010,1076,66,NNTT,8627.95759322488,7087.42908322488,1540.52851,0.1,4.1,trypsin,N,0,Loxodonta africana,9785,CTTNBP2,3,1,4314.986072612441
sp|Q108T9|CTTB2_LOXAF,1036,G41247ZX,HexNAc(2)Hex(6),GVIQALTNHFQAISSDGWWSLEDVTFNNTTESSIGLGASSVLSIMLGSVSWSPGQSFAQSPWDFLK,1010,1076,66,NNTT,8465.90476922488,7087.42908322488,1378.475686,0.1,4.1,trypsin,N,0,Loxodonta africana,9785,CTTNBP2,3,1,4233.9596606124405
sp|Q108T9|CTTB2_LOXAF,1176,G80920RR,HexNAc(2)Hex(9),NACLIPVK,1176,1184,8,NACL,2721.11821642436,856.4840594243601,1864.634157,0.97,8.22,trypsin,N,0,Loxodonta africana,9785,CTTNBP2,3,1,1361.56638421218
sp|Q108T9|CTTB2_LOXAF,1176,G62765YT,HexNAc(2)Hex(8),NACLIPVK,1176,1184,8,NACL,2559.06539242436,856.4840594243601,1702.581333,0.97,8.22,trypsin,N,0,Loxodonta africana,9785,CTTNBP2,3,1,1280.5399722121801
sp|Q108T9|CTTB2_LOXAF,1176,G31852PQ,HexNAc(2)Hex(7),NACLIPVK,1176,1184,8,NACL,2397.01256942436,856.4840594243601,1540.52851,0.97,8.22,trypsin,N,0,Loxodonta africana,9785,CTTNBP2,3,1,1199.5135607121802
sp|Q108T9|CTTB2_LOXAF,1176,G41247ZX,HexNAc(2)Hex(6),NACLIPVK,1176,1184,8,NACL,2234.9597454243603,856.4840594243601,1378.475686,0.97,8.22,trypsin,N,0,Loxodonta africana,9785,CTTNBP2,3,1,1118.4871487121802
sp|Q108T9|CTTB2_LOXAF,1229,G80920RR,HexNAc(2)Hex(9),GNGTSECYYFHENCFLMGTIAK,1228,1250,22,NGTS,4348.68899522963,2484.05483822963,1864.634157,-0.2,5.4,trypsin,N,0,Loxodonta africana,9785,CTTNBP2,3,1,2175.3517736148146
sp|Q108T9|CTTB2_LOXAF,1229,G62765YT,HexNAc(2)Hex(8),GNGTSECYYFHENCFLMGTIAK,1228,1250,22,NGTS,4186.63617122963,2484.05483822963,1702.581333,-0.2,5.4,trypsin,N,0,Loxodonta africana,9785,CTTNBP2,3,1,2094.325361614815
sp|Q108T9|CTTB2_LOXAF,1229,G31852PQ,HexNAc(2)Hex(7),GNGTSECYYFHENCFLMGTIAK,1228,1250,22,NGTS,4024.5833482296302,2484.05483822963,1540.52851,-0.2,5.4,trypsin,N,0,Loxodonta africana,9785,CTTNBP2,3,1,2013.2989501148152
sp|Q108T9|CTTB2_LOXAF,1229,G41247ZX,HexNAc(2)Hex(6),GNGTSECYYFHENCFLMGTIAK,1228,1250,22,NGTS,3862.53052422963,2484.05483822963,1378.475686,-0.2,5.4,trypsin,N,0,Loxodonta africana,9785,CTTNBP2,3,1,1932.272538114815
sp|Q108T9|CTTB2_LOXAF,1317,G80920RR,HexNAc(2)Hex(9),QLNSCLAR,1315,1323,8,NSCL,2768.0937925816697,903.45963558167,1864.634157,-0.05,8.25,trypsin,N,0,Loxodonta africana,9785,CTTNBP2,3,1,1385.054172290835
sp|Q108T9|CTTB2_LOXAF,1317,G62765YT,HexNAc(2)Hex(8),QLNSCLAR,1315,1323,8,NSCL,2606.0409685816703,903.45963558167,1702.581333,-0.05,8.25,trypsin,N,0,Loxodonta africana,9785,CTTNBP2,3,1,1304.0277602908352
sp|Q108T9|CTTB2_LOXAF,1317,G31852PQ,HexNAc(2)Hex(7),QLNSCLAR,1315,1323,8,NSCL,2443.9881455816703,903.45963558167,1540.52851,-0.05,8.25,trypsin,N,0,Loxodonta africana,9785,CTTNBP2,3,1,1223.0013487908352
sp|Q108T9|CTTB2_LOXAF,1317,G41247ZX,HexNAc(2)Hex(6),QLNSCLAR,1315,1323,8,NSCL,2281.93532158167,903.45963558167,1378.475686,-0.05,8.25,trypsin,N,0,Loxodonta africana,9785,CTTNBP2,3,1,1141.974936790835
sp|Q108T9|CTTB2_LOXAF,1495,G80920RR,HexNAc(2)Hex(9),NASLSR,1495,1501,6,NASL,2510.97399471882,646.33983771882,1864.634157,-0.67,9.75,trypsin,N,0,Loxodonta africana,9785,CTTNBP2,3,1,1256.49427335941
sp|Q108T9|CTTB2_LOXAF,1495,G62765YT,HexNAc(2)Hex(8),NASLSR,1495,1501,6,NASL,2348.92117071882,646.33983771882,1702.581333,-0.67,9.75,trypsin,N,0,Loxodonta africana,9785,CTTNBP2,3,1,1175.46786135941
sp|Q108T9|CTTB2_LOXAF,1495,G31852PQ,HexNAc(2)Hex(7),NASLSR,1495,1501,6,NASL,2186.86834771882,646.33983771882,1540.52851,-0.67,9.75,trypsin,N,0,Loxodonta africana,9785,CTTNBP2,3,1,1094.44144985941
sp|Q108T9|CTTB2_LOXAF,1495,G41247ZX,HexNAc(2)Hex(6),NASLSR,1495,1501,6,NASL,2024.81552371882,646.33983771882,1378.475686,-0.67,9.75,trypsin,N,0,Loxodonta africana,9785,CTTNBP2,3,1,1013.4150378594101
sp|Q108T9|CTTB2_LOXAF,1641,G80920RR,HexNAc(2)Hex(9),QIEINNNSK,1636,1645,9,NNSK,2923.1697939729,1058.5356369729002,1864.634157,-1.47,6.0,trypsin,N,0,Loxodonta africana,9785,CTTNBP2,3,1,1462.5921729864501
sp|Q108T9|CTTB2_LOXAF,1641,G62765YT,HexNAc(2)Hex(8),QIEINNNSK,1636,1645,9,NNSK,2761.1169699729003,1058.5356369729002,1702.581333,-1.47,6.0,trypsin,N,0,Loxodonta africana,9785,CTTNBP2,3,1,1381.5657609864502
sp|Q108T9|CTTB2_LOXAF,1641,G31852PQ,HexNAc(2)Hex(7),QIEINNNSK,1636,1645,9,NNSK,2599.0641469729003,1058.5356369729002,1540.52851,-1.47,6.0,trypsin,N,0,Loxodonta africana,9785,CTTNBP2,3,1,1300.5393494864502
sp|Q108T9|CTTB2_LOXAF,1641,G41247ZX,HexNAc(2)Hex(6),QIEINNNSK,1636,1645,9,NNSK,2437.0113229729004,1058.5356369729002,1378.475686,-1.47,6.0,trypsin,N,0,Loxodonta africana,9785,CTTNBP2,3,1,1219.5129374864503
sp|Q108U1|ASZ1_LOXAF,104,G80920RR,HexNAc(2)Hex(9),GANASFEK,102,110,8,NASF,2687.02133883406,822.38718183406,1864.634157,-0.71,6.0,trypsin,N,0,Loxodonta africana,9785,ASZ1,3,1,1344.51794541703
sp|Q108U1|ASZ1_LOXAF,104,G62765YT,HexNAc(2)Hex(8),GANASFEK,102,110,8,NASF,2524.96851483406,822.38718183406,1702.581333,-0.71,6.0,trypsin,N,0,Loxodonta africana,9785,ASZ1,3,1,1263.49153341703
sp|Q108U1|ASZ1_LOXAF,104,G31852PQ,HexNAc(2)Hex(7),GANASFEK,102,110,8,NASF,2362.91569183406,822.38718183406,1540.52851,-0.71,6.0,trypsin,N,0,Loxodonta africana,9785,ASZ1,3,1,1182.46512191703
sp|Q108U1|ASZ1_LOXAF,104,G41247ZX,HexNAc(2)Hex(6),GANASFEK,102,110,8,NASF,2200.86286783406,822.38718183406,1378.475686,-0.71,6.0,trypsin,N,0,Loxodonta africana,9785,ASZ1,3,1,1101.43870991703
sp|Q108U1|ASZ1_LOXAF,397,G80920RR,HexNAc(2)Hex(9),IVLEWASPQNFTSVCEELVSNVEDLSEEVCK,388,419,31,NFTS,5360.2767102617,3495.6425532617,1864.634157,0.04,4.05,trypsin,N,0,Loxodonta africana,9785,ASZ1,3,1,2681.14563113085
sp|Q108U1|ASZ1_LOXAF,397,G62765YT,HexNAc(2)Hex(8),IVLEWASPQNFTSVCEELVSNVEDLSEEVCK,388,419,31,NFTS,5198.2238862617,3495.6425532617,1702.581333,0.04,4.05,trypsin,N,0,Loxodonta africana,9785,ASZ1,3,1,2600.1192191308496
sp|Q108U1|ASZ1_LOXAF,397,G31852PQ,HexNAc(2)Hex(7),IVLEWASPQNFTSVCEELVSNVEDLSEEVCK,388,419,31,NFTS,5036.1710632617,3495.6425532617,1540.52851,0.04,4.05,trypsin,N,0,Loxodonta africana,9785,ASZ1,3,1,2519.0928076308496
sp|Q108U1|ASZ1_LOXAF,397,G41247ZX,HexNAc(2)Hex(6),IVLEWASPQNFTSVCEELVSNVEDLSEEVCK,388,419,31,NFTS,4874.1182392617,3495.6425532617,1378.475686,0.04,4.05,trypsin,N,0,Loxodonta africana,9785,ASZ1,3,1,2438.06639563085
sp|Q2I3F2|NU4M_LOXAF,26,G80920RR,HexNAc(2)Hex(9),TILPTIMLIPLAWFTSNNMVWINTTLYSFTISLTSLHLLYQPLDNSLNLSPEFFLDSLSTPLLILTIWLLPLMLIASQSHLSSGSTFQK,4,93,89,NTTL,11912.984175062831,10048.35001806283,1864.634157,0.69,5.2,trypsin,N,0,Loxodonta africana,9785,MT-ND4,3,1,5957.499363531416
sp|Q2I3F2|NU4M_LOXAF,26,G62765YT,HexNAc(2)Hex(8),TILPTIMLIPLAWFTSNNMVWINTTLYSFTISLTSLHLLYQPLDNSLNLSPEFFLDSLSTPLLILTIWLLPLMLIASQSHLSSGSTFQK,4,93,89,NTTL,11750.93135106283,10048.35001806283,1702.581333,0.69,5.2,trypsin,N,0,Loxodonta africana,9785,MT-ND4,3,1,5876.472951531416
sp|Q2I3F2|NU4M_LOXAF,26,G31852PQ,HexNAc(2)Hex(7),TILPTIMLIPLAWFTSNNMVWINTTLYSFTISLTSLHLLYQPLDNSLNLSPEFFLDSLSTPLLILTIWLLPLMLIASQSHLSSGSTFQK,4,93,89,NTTL,11588.87852806283,10048.35001806283,1540.52851,0.69,5.2,trypsin,N,0,Loxodonta africana,9785,MT-ND4,3,1,5795.446540031416
sp|Q2I3F2|NU4M_LOXAF,26,G41247ZX,HexNAc(2)Hex(6),TILPTIMLIPLAWFTSNNMVWINTTLYSFTISLTSLHLLYQPLDNSLNLSPEFFLDSLSTPLLILTIWLLPLMLIASQSHLSSGSTFQK,4,93,89,NTTL,11426.82570406283,10048.35001806283,1378.475686,0.69,5.2,trypsin,N,0,Loxodonta africana,9785,MT-ND4,3,1,5714.4201280314155
sp|Q2I3F2|NU4M_LOXAF,51,G80920RR,HexNAc(2)Hex(9),TILPTIMLIPLAWFTSNNMVWINTTLYSFTISLTSLHLLYQPLDNSLNLSPEFFLDSLSTPLLILTIWLLPLMLIASQSHLSSGSTFQK,4,93,89,NLSP,11912.984175062831,10048.35001806283,1864.634157,0.69,5.2,trypsin,N,0,Loxodonta africana,9785,MT-ND4,3,1,5957.499363531416
sp|Q2I3F2|NU4M_LOXAF,51,G62765YT,HexNAc(2)Hex(8),TILPTIMLIPLAWFTSNNMVWINTTLYSFTISLTSLHLLYQPLDNSLNLSPEFFLDSLSTPLLILTIWLLPLMLIASQSHLSSGSTFQK,4,93,89,NLSP,11750.93135106283,10048.35001806283,1702.581333,0.69,5.2,trypsin,N,0,Loxodonta africana,9785,MT-ND4,3,1,5876.472951531416
sp|Q2I3F2|NU4M_LOXAF,51,G31852PQ,HexNAc(2)Hex(7),TILPTIMLIPLAWFTSNNMVWINTTLYSFTISLTSLHLLYQPLDNSLNLSPEFFLDSLSTPLLILTIWLLPLMLIASQSHLSSGSTFQK,4,93,89,NLSP,11588.87852806283,10048.35001806283,1540.52851,0.69,5.2,trypsin,N,0,Loxodonta africana,9785,MT-ND4,3,1,5795.446540031416
sp|Q2I3F2|NU4M_LOXAF,51,G41247ZX,HexNAc(2)Hex(6),TILPTIMLIPLAWFTSNNMVWINTTLYSFTISLTSLHLLYQPLDNSLNLSPEFFLDSLSTPLLILTIWLLPLMLIASQSHLSSGSTFQK,4,93,89,NLSP,11426.82570406283,10048.35001806283,1378.475686,0.69,5.2,trypsin,N,0,Loxodonta africana,9785,MT-ND4,3,1,5714.4201280314155
sp|Q2I3F2|NU4M_LOXAF,390,G80920RR,HexNAc(2)Hex(9),GLQTLLPLMATWWLLASLINMAPPPTINLIGELLIITTSFSWSNFTIFPMGLNVLITTMYTLHMMTTTQR,347,417,70,NFTI,9756.77512148156,7892.140964481559,1864.634157,0.76,6.75,trypsin,N,0,Loxodonta africana,9785,MT-ND4,3,1,4879.39483674078
sp|Q2I3F2|NU4M_LOXAF,390,G62765YT,HexNAc(2)Hex(8),GLQTLLPLMATWWLLASLINMAPPPTINLIGELLIITTSFSWSNFTIFPMGLNVLITTMYTLHMMTTTQR,347,417,70,NFTI,9594.72229748156,7892.140964481559,1702.581333,0.76,6.75,trypsin,N,0,Loxodonta africana,9785,MT-ND4,3,1,4798.36842474078
sp|Q2I3F2|NU4M_LOXAF,390,G31852PQ,HexNAc(2)Hex(7),GLQTLLPLMATWWLLASLINMAPPPTINLIGELLIITTSFSWSNFTIFPMGLNVLITTMYTLHMMTTTQR,347,417,70,NFTI,9432.66947448156,7892.140964481559,1540.52851,0.76,6.75,trypsin,N,0,Loxodonta africana,9785,MT-ND4,3,1,4717.34201324078
sp|Q2I3F2|NU4M_LOXAF,390,G41247ZX,HexNAc(2)Hex(6),GLQTLLPLMATWWLLASLINMAPPPTINLIGELLIITTSFSWSNFTIFPMGLNVLITTMYTLHMMTTTQR,347,417,70,NFTI,9270.61665048156,7892.140964481559,1378.475686,0.76,6.75,trypsin,N,0,Loxodonta africana,9785,MT-ND4,3,1,4636.31560124078
sp|Q2I3F4|NU3M_LOXAF,29,G80920RR,HexNAc(2)Hex(9),MNLMITLLTNTMLTSLMVLIAFWLPQTYNYSEK,1,34,33,NYSE,5757.6232776855895,3892.9891206855896,1864.634157,0.62,5.75,trypsin,N,0,Loxodonta africana,9785,MT-ND3,3,1,2879.8189148427946
sp|Q2I3F4|NU3M_LOXAF,29,G62765YT,HexNAc(2)Hex(8),MNLMITLLTNTMLTSLMVLIAFWLPQTYNYSEK,1,34,33,NYSE,5595.57045368559,3892.9891206855896,1702.581333,0.62,5.75,trypsin,N,0,Loxodonta africana,9785,MT-ND3,3,1,2798.792502842795
sp|Q2I3F4|NU3M_LOXAF,29,G31852PQ,HexNAc(2)Hex(7),MNLMITLLTNTMLTSLMVLIAFWLPQTYNYSEK,1,34,33,NYSE,5433.51763068559,3892.9891206855896,1540.52851,0.62,5.75,trypsin,N,0,Loxodonta africana,9785,MT-ND3,3,1,2717.766091342795
sp|Q2I3F4|NU3M_LOXAF,29,G41247ZX,HexNAc(2)Hex(6),MNLMITLLTNTMLTSLMVLIAFWLPQTYNYSEK,1,34,33,NYSE,5271.46480668559,3892.9891206855896,1378.475686,0.62,5.75,trypsin,N,0,Loxodonta africana,9785,MT-ND3,3,1,2636.7396793427947
sp|Q2I3F4|NU3M_LOXAF,82,G80920RR,HexNAc(2)Hex(9),FFLVAITFLLFDLEIALLLPLPWAIQANNTSLTLLMSFMLIILLAIGLAYEWLQK,55,110,55,NNTS,8142.174405363659,6277.54024836366,1864.634157,1.49,4.14,trypsin,N,0,Loxodonta africana,9785,MT-ND3,3,1,4072.0944786818295
sp|Q2I3F4|NU3M_LOXAF,82,G62765YT,HexNAc(2)Hex(8),FFLVAITFLLFDLEIALLLPLPWAIQANNTSLTLLMSFMLIILLAIGLAYEWLQK,55,110,55,NNTS,7980.12158136366,6277.54024836366,1702.581333,1.49,4.14,trypsin,N,0,Loxodonta africana,9785,MT-ND3,3,1,3991.06806668183
sp|Q2I3F4|NU3M_LOXAF,82,G31852PQ,HexNAc(2)Hex(7),FFLVAITFLLFDLEIALLLPLPWAIQANNTSLTLLMSFMLIILLAIGLAYEWLQK,55,110,55,NNTS,7818.06875836366,6277.54024836366,1540.52851,1.49,4.14,trypsin,N,0,Loxodonta africana,9785,MT-ND3,3,1,3910.04165518183
sp|Q2I3F4|NU3M_LOXAF,82,G41247ZX,HexNAc(2)Hex(6),FFLVAITFLLFDLEIALLLPLPWAIQANNTSLTLLMSFMLIILLAIGLAYEWLQK,55,110,55,NNTS,7656.01593436366,6277.54024836366,1378.475686,1.49,4.14,trypsin,N,0,Loxodonta africana,9785,MT-ND3,3,1,3829.0152431818296
sp|Q2I3F5|COX3_LOXAF,133,G80920RR,HexNAc(2)Hex(9),YGMILFITSEVLFFTGFFWAFYHSSLAPTPELGSYWPPVGVYPLNPLEVPLLNTSVLLASGVTITWAHHSLMEGNR,81,157,76,NTSV,10361.94866244397,8497.31450544397,1864.634157,0.51,5.29,trypsin,N,0,Loxodonta africana,9785,MT-CO3,3,1,5181.9816072219855
sp|Q2I3F5|COX3_LOXAF,133,G62765YT,HexNAc(2)Hex(8),YGMILFITSEVLFFTGFFWAFYHSSLAPTPELGSYWPPVGVYPLNPLEVPLLNTSVLLASGVTITWAHHSLMEGNR,81,157,76,NTSV,10199.89583844397,8497.31450544397,1702.581333,0.51,5.29,trypsin,N,0,Loxodonta africana,9785,MT-CO3,3,1,5100.955195221985
sp|Q2I3F5|COX3_LOXAF,133,G31852PQ,HexNAc(2)Hex(7),YGMILFITSEVLFFTGFFWAFYHSSLAPTPELGSYWPPVGVYPLNPLEVPLLNTSVLLASGVTITWAHHSLMEGNR,81,157,76,NTSV,10037.84301544397,8497.31450544397,1540.52851,0.51,5.29,trypsin,N,0,Loxodonta africana,9785,MT-CO3,3,1,5019.928783721985
sp|Q2I3F5|COX3_LOXAF,133,G41247ZX,HexNAc(2)Hex(6),YGMILFITSEVLFFTGFFWAFYHSSLAPTPELGSYWPPVGVYPLNPLEVPLLNTSVLLASGVTITWAHHSLMEGNR,81,157,76,NTSV,9875.79019144397,8497.31450544397,1378.475686,0.51,5.29,trypsin,N,0,Loxodonta africana,9785,MT-CO3,3,1,4938.902371721985
sp|Q9TA19|NU5M_LOXAF,211,G80920RR,HexNAc(2)Hex(9),NTTLPLLGLLLASAGK,211,227,16,NTTL,3445.58430020212,1580.9501432021202,1864.634157,0.9,8.75,trypsin,N,0,Loxodonta africana,9785,MT-ND5,3,1,1723.7994261010601
sp|Q9TA19|NU5M_LOXAF,211,G62765YT,HexNAc(2)Hex(8),NTTLPLLGLLLASAGK,211,227,16,NTTL,3283.5314762021203,1580.9501432021202,1702.581333,0.9,8.75,trypsin,N,0,Loxodonta africana,9785,MT-ND5,3,1,1642.7730141010602
sp|Q9TA19|NU5M_LOXAF,211,G31852PQ,HexNAc(2)Hex(7),NTTLPLLGLLLASAGK,211,227,16,NTTL,3121.4786532021203,1580.9501432021202,1540.52851,0.9,8.75,trypsin,N,0,Loxodonta africana,9785,MT-ND5,3,1,1561.7466026010602
sp|Q9TA19|NU5M_LOXAF,211,G41247ZX,HexNAc(2)Hex(6),NTTLPLLGLLLASAGK,211,227,16,NTTL,2959.4258292021204,1580.9501432021202,1378.475686,0.9,8.75,trypsin,N,0,Loxodonta africana,9785,MT-ND5,3,1,1480.7201906010603
sp|Q9TA19|NU5M_LOXAF,273,G80920RR,HexNAc(2)Hex(9),FYPLMENNLTIQTSTLCLGAITTLFTAICALTQNDIK,266,303,37,NLTI,5939.70615536241,4075.07199836241,1864.634157,0.58,4.37,trypsin,N,0,Loxodonta africana,9785,MT-ND5,3,1,2970.8603536812047
sp|Q9TA19|NU5M_LOXAF,273,G62765YT,HexNAc(2)Hex(8),FYPLMENNLTIQTSTLCLGAITTLFTAICALTQNDIK,266,303,37,NLTI,5777.6533313624095,4075.07199836241,1702.581333,0.58,4.37,trypsin,N,0,Loxodonta africana,9785,MT-ND5,3,1,2889.8339416812046
sp|Q9TA19|NU5M_LOXAF,273,G31852PQ,HexNAc(2)Hex(7),FYPLMENNLTIQTSTLCLGAITTLFTAICALTQNDIK,266,303,37,NLTI,5615.6005083624095,4075.07199836241,1540.52851,0.58,4.37,trypsin,N,0,Loxodonta africana,9785,MT-ND5,3,1,2808.8075301812046
sp|Q9TA19|NU5M_LOXAF,273,G41247ZX,HexNAc(2)Hex(6),FYPLMENNLTIQTSTLCLGAITTLFTAICALTQNDIK,266,303,37,NLTI,5453.54768436241,4075.07199836241,1378.475686,0.58,4.37,trypsin,N,0,Loxodonta africana,9785,MT-ND5,3,1,2727.781118181205
sp|Q9TA19|NU5M_LOXAF,403,G80920RR,HexNAc(2)Hex(9),DPIIETANMSYINTWALLITLIAVSMTASYSTR,396,429,33,NMSY,5523.49681421917,3658.8626572191697,1864.634157,0.57,4.37,trypsin,N,0,Loxodonta africana,9785,MT-ND5,3,1,2762.755683109585
sp|Q9TA19|NU5M_LOXAF,403,G62765YT,HexNAc(2)Hex(8),DPIIETANMSYINTWALLITLIAVSMTASYSTR,396,429,33,NMSY,5361.44399021917,3658.8626572191697,1702.581333,0.57,4.37,trypsin,N,0,Loxodonta africana,9785,MT-ND5,3,1,2681.7292711095847
sp|Q9TA19|NU5M_LOXAF,403,G31852PQ,HexNAc(2)Hex(7),DPIIETANMSYINTWALLITLIAVSMTASYSTR,396,429,33,NMSY,5199.39116721917,3658.8626572191697,1540.52851,0.57,4.37,trypsin,N,0,Loxodonta africana,9785,MT-ND5,3,1,2600.7028596095847
sp|Q9TA19|NU5M_LOXAF,403,G41247ZX,HexNAc(2)Hex(6),DPIIETANMSYINTWALLITLIAVSMTASYSTR,396,429,33,NMSY,5037.3383432191695,3658.8626572191697,1378.475686,0.57,4.37,trypsin,N,0,Loxodonta africana,9785,MT-ND5,3,1,2519.6764476095846
sp|Q9TA19|NU5M_LOXAF,509,G80920RR,HexNAc(2)Hex(9),FMALAVTLLGFTVATELNNMTHNLMFK,491,518,27,NMTH,4891.17733510545,3026.54317810545,1864.634157,0.84,6.75,trypsin,N,0,Loxodonta africana,9785,MT-ND5,3,1,2446.5959435527247
sp|Q9TA19|NU5M_LOXAF,509,G62765YT,HexNAc(2)Hex(8),FMALAVTLLGFTVATELNNMTHNLMFK,491,518,27,NMTH,4729.12451110545,3026.54317810545,1702.581333,0.84,6.75,trypsin,N,0,Loxodonta africana,9785,MT-ND5,3,1,2365.569531552725
sp|Q9TA19|NU5M_LOXAF,509,G31852PQ,HexNAc(2)Hex(7),FMALAVTLLGFTVATELNNMTHNLMFK,491,518,27,NMTH,4567.07168810545,3026.54317810545,1540.52851,0.84,6.75,trypsin,N,0,Loxodonta africana,9785,MT-ND5,3,1,2284.543120052725
sp|Q9TA19|NU5M_LOXAF,509,G41247ZX,HexNAc(2)Hex(6),FMALAVTLLGFTVATELNNMTHNLMFK,491,518,27,NMTH,4405.01886410545,3026.54317810545,1378.475686,0.84,6.75,trypsin,N,0,Loxodonta africana,9785,MT-ND5,3,1,2203.516708052725
sp|Q9TA19|NU5M_LOXAF,568,G80920RR,HexNAc(2)Hex(9),NLTTMQK,568,575,7,NLTT,2699.06109547106,834.42693847106,1864.634157,-0.94,8.75,trypsin,N,0,Loxodonta africana,9785,MT-ND5,3,1,1350.53782373553
sp|Q9TA19|NU5M_LOXAF,568,G62765YT,HexNAc(2)Hex(8),NLTTMQK,568,575,7,NLTT,2537.00827147106,834.42693847106,1702.581333,-0.94,8.75,trypsin,N,0,Loxodonta africana,9785,MT-ND5,3,1,1269.5114117355301
sp|Q9TA19|NU5M_LOXAF,568,G31852PQ,HexNAc(2)Hex(7),NLTTMQK,568,575,7,NLTT,2374.95544847106,834.42693847106,1540.52851,-0.94,8.75,trypsin,N,0,Loxodonta africana,9785,MT-ND5,3,1,1188.4850002355302
sp|Q9TA19|NU5M_LOXAF,568,G41247ZX,HexNAc(2)Hex(6),NLTTMQK,568,575,7,NLTT,2212.90262447106,834.42693847106,1378.475686,-0.94,8.75,trypsin,N,0,Loxodonta africana,9785,MT-ND5,3,1,1107.45858823553
sp|Q9TA21|NU4LM_LOXAF,7,G80920RR,HexNAc(2)Hex(9),MPYIYMNITLAFVISLIGTLMYR,1,24,23,NITL,4587.06420284617,2722.43004584617,1864.634157,1.21,8.25,trypsin,N,0,Loxodonta africana,9785,MT-ND4L,3,1,2294.5393774230847
sp|Q9TA21|NU4LM_LOXAF,7,G62765YT,HexNAc(2)Hex(8),MPYIYMNITLAFVISLIGTLMYR,1,24,23,NITL,4425.0113788461695,2722.43004584617,1702.581333,1.21,8.25,trypsin,N,0,Loxodonta africana,9785,MT-ND4L,3,1,2213.5129654230846
sp|Q9TA21|NU4LM_LOXAF,7,G31852PQ,HexNAc(2)Hex(7),MPYIYMNITLAFVISLIGTLMYR,1,24,23,NITL,4262.9585558461695,2722.43004584617,1540.52851,1.21,8.25,trypsin,N,0,Loxodonta africana,9785,MT-ND4L,3,1,2132.4865539230846
sp|Q9TA21|NU4LM_LOXAF,7,G41247ZX,HexNAc(2)Hex(6),MPYIYMNITLAFVISLIGTLMYR,1,24,23,NITL,4100.90573184617,2722.43004584617,1378.475686,1.21,8.25,trypsin,N,0,Loxodonta africana,9785,MT-ND4L,3,1,2051.460141923085
sp|Q9TA21|NU4LM_LOXAF,52,G80920RR,HexNAc(2)Hex(9),SHLMSSLLCLEGMMLSLFTLNALLSLNMNFTLSTTVPLILLVFAACEAAVGLALLVMISNTYGLDYVQNLNLLQC,24,99,75,NFTL,9969.83033005217,8105.19617305217,1864.634157,1.2,4.13,trypsin,N,0,Loxodonta africana,9785,MT-ND4L,3,1,4985.922441026085
sp|Q9TA21|NU4LM_LOXAF,52,G62765YT,HexNAc(2)Hex(8),SHLMSSLLCLEGMMLSLFTLNALLSLNMNFTLSTTVPLILLVFAACEAAVGLALLVMISNTYGLDYVQNLNLLQC,24,99,75,NFTL,9807.77750605217,8105.19617305217,1702.581333,1.2,4.13,trypsin,N,0,Loxodonta africana,9785,MT-ND4L,3,1,4904.896029026086
sp|Q9TA21|NU4LM_LOXAF,52,G31852PQ,HexNAc(2)Hex(7),SHLMSSLLCLEGMMLSLFTLNALLSLNMNFTLSTTVPLILLVFAACEAAVGLALLVMISNTYGLDYVQNLNLLQC,24,99,75,NFTL,9645.724683052169,8105.19617305217,1540.52851,1.2,4.13,trypsin,N,0,Loxodonta africana,9785,MT-ND4L,3,1,4823.869617526085
sp|Q9TA21|NU4LM_LOXAF,52,G41247ZX,HexNAc(2)Hex(6),SHLMSSLLCLEGMMLSLFTLNALLSLNMNFTLSTTVPLILLVFAACEAAVGLALLVMISNTYGLDYVQNLNLLQC,24,99,75,NFTL,9483.67185905217,8105.19617305217,1378.475686,1.2,4.13,trypsin,N,0,Loxodonta africana,9785,MT-ND4L,3,1,4742.8432055260855
sp|Q9TA24|ATP6_LOXAF,97,G80920RR,HexNAc(2)Hex(9),GLSWSLMLITLTLFIGLTNLLGLLPYSFAPTTQLTVNLSMAIPLWTGTVVPGFR,61,115,54,NLSM,7711.850839397161,5847.21668239716,1864.634157,1.04,8.75,trypsin,N,0,Loxodonta africana,9785,MT-ATP6,3,2,3856.93269569858
sp|Q9TA24|ATP6_LOXAF,97,G62765YT,HexNAc(2)Hex(8),GLSWSLMLITLTLFIGLTNLLGLLPYSFAPTTQLTVNLSMAIPLWTGTVVPGFR,61,115,54,NLSM,7549.79801539716,5847.21668239716,1702.581333,1.04,8.75,trypsin,N,0,Loxodonta africana,9785,MT-ATP6,3,2,3775.90628369858
sp|Q9TA24|ATP6_LOXAF,97,G31852PQ,HexNAc(2)Hex(7),GLSWSLMLITLTLFIGLTNLLGLLPYSFAPTTQLTVNLSMAIPLWTGTVVPGFR,61,115,54,NLSM,7387.74519239716,5847.21668239716,1540.52851,1.04,8.75,trypsin,N,0,Loxodonta africana,9785,MT-ATP6,3,2,3694.87987219858
sp|Q9TA24|ATP6_LOXAF,97,G41247ZX,HexNAc(2)Hex(6),GLSWSLMLITLTLFIGLTNLLGLLPYSFAPTTQLTVNLSMAIPLWTGTVVPGFR,61,115,54,NLSM,7225.69236839716,5847.21668239716,1378.475686,1.04,8.75,trypsin,N,0,Loxodonta africana,9785,MT-ATP6,3,2,3613.85346019858
sp|Q9TA24|ATP6_LOXAF,159,G80920RR,HexNAc(2)Hex(9),LTANITAGHSLIHLTGTATLTLSSIHSMTITVTFVTVILLTILELAVALIQAYVFALLISLYLHENA,156,223,67,NITA,9008.62987743956,7143.99572043956,1864.634157,1.29,5.99,trypsin,N,0,Loxodonta africana,9785,MT-ATP6,3,2,4505.32221471978
sp|Q9TA24|ATP6_LOXAF,159,G62765YT,HexNAc(2)Hex(8),LTANITAGHSLIHLTGTATLTLSSIHSMTITVTFVTVILLTILELAVALIQAYVFALLISLYLHENA,156,223,67,NITA,8846.57705343956,7143.99572043956,1702.581333,1.29,5.99,trypsin,N,0,Loxodonta africana,9785,MT-ATP6,3,2,4424.29580271978
sp|Q9TA24|ATP6_LOXAF,159,G31852PQ,HexNAc(2)Hex(7),LTANITAGHSLIHLTGTATLTLSSIHSMTITVTFVTVILLTILELAVALIQAYVFALLISLYLHENA,156,223,67,NITA,8684.52423043956,7143.99572043956,1540.52851,1.29,5.99,trypsin,N,0,Loxodonta africana,9785,MT-ATP6,3,2,4343.26939121978
sp|Q9TA24|ATP6_LOXAF,159,G41247ZX,HexNAc(2)Hex(6),LTANITAGHSLIHLTGTATLTLSSIHSMTITVTFVTVILLTILELAVALIQAYVFALLISLYLHENA,156,223,67,NITA,8522.47140643956,7143.99572043956,1378.475686,1.29,5.99,trypsin,N,0,Loxodonta africana,9785,MT-ATP6,3,2,4262.24297921978
sp|Q9TA26|COX2_LOXAF,203,G80920RR,HexNAc(2)Hex(9),LNQVTLTSMRPGLFYGQCSEICGANHSFMPIVLELVPLK,179,218,39,NHSF,6169.816391601069,4305.1822346010695,1864.634157,0.43,6.74,trypsin,N,0,Loxodonta africana,9785,MT-CO2,3,1,3085.9154718005343
sp|Q9TA26|COX2_LOXAF,203,G62765YT,HexNAc(2)Hex(8),LNQVTLTSMRPGLFYGQCSEICGANHSFMPIVLELVPLK,179,218,39,NHSF,6007.76356760107,4305.1822346010695,1702.581333,0.43,6.74,trypsin,N,0,Loxodonta africana,9785,MT-CO2,3,1,3004.8890598005346
sp|Q9TA26|COX2_LOXAF,203,G31852PQ,HexNAc(2)Hex(7),LNQVTLTSMRPGLFYGQCSEICGANHSFMPIVLELVPLK,179,218,39,NHSF,5845.71074460107,4305.1822346010695,1540.52851,0.43,6.74,trypsin,N,0,Loxodonta africana,9785,MT-CO2,3,1,2923.8626483005346
sp|Q9TA26|COX2_LOXAF,203,G41247ZX,HexNAc(2)Hex(6),LNQVTLTSMRPGLFYGQCSEICGANHSFMPIVLELVPLK,179,218,39,NHSF,5683.657920601069,4305.1822346010695,1378.475686,0.43,6.74,trypsin,N,0,Loxodonta africana,9785,MT-CO2,3,1,2842.8362363005344
sp|Q9TA26|COX2_LOXAF,221,G80920RR,HexNAc(2)Hex(9),YFENWSASLAQ,218,229,11,NWSA,3179.22222346858,1314.58806646858,1864.634157,-0.37,4.05,trypsin,N,0,Loxodonta africana,9785,MT-CO2,3,1,1590.61838773429
sp|Q9TA26|COX2_LOXAF,221,G62765YT,HexNAc(2)Hex(8),YFENWSASLAQ,218,229,11,NWSA,3017.16939946858,1314.58806646858,1702.581333,-0.37,4.05,trypsin,N,0,Loxodonta africana,9785,MT-CO2,3,1,1509.5919757342901
sp|Q9TA26|COX2_LOXAF,221,G31852PQ,HexNAc(2)Hex(7),YFENWSASLAQ,218,229,11,NWSA,2855.11657646858,1314.58806646858,1540.52851,-0.37,4.05,trypsin,N,0,Loxodonta africana,9785,MT-CO2,3,1,1428.5655642342902
sp|Q9TA26|COX2_LOXAF,221,G41247ZX,HexNAc(2)Hex(6),YFENWSASLAQ,218,229,11,NWSA,2693.06375246858,1314.58806646858,1378.475686,-0.37,4.05,trypsin,N,0,Loxodonta africana,9785,MT-CO2,3,1,1347.53915223429
sp|Q9TA28|NU2M_LOXAF,171,G80920RR,HexNAc(2)Hex(9),LAPLSLLYQMATYTNTNLIYLSGLLSILIGGWGGLNQTQLR,136,177,41,NQTQ,6344.05813579445,4479.42397879445,1864.634157,0.53,8.5,trypsin,N,0,Loxodonta africana,9785,MT-ND2,3,1,3173.036343897225
sp|Q9TA28|NU2M_LOXAF,171,G62765YT,HexNAc(2)Hex(8),LAPLSLLYQMATYTNTNLIYLSGLLSILIGGWGGLNQTQLR,136,177,41,NQTQ,6182.00531179445,4479.42397879445,1702.581333,0.53,8.5,trypsin,N,0,Loxodonta africana,9785,MT-ND2,3,1,3092.0099318972248
sp|Q9TA28|NU2M_LOXAF,171,G31852PQ,HexNAc(2)Hex(7),LAPLSLLYQMATYTNTNLIYLSGLLSILIGGWGGLNQTQLR,136,177,41,NQTQ,6019.95248879445,4479.42397879445,1540.52851,0.53,8.5,trypsin,N,0,Loxodonta africana,9785,MT-ND2,3,1,3010.9835203972248
sp|Q9TA28|NU2M_LOXAF,171,G41247ZX,HexNAc(2)Hex(6),LAPLSLLYQMATYTNTNLIYLSGLLSILIGGWGGLNQTQLR,136,177,41,NQTQ,5857.89966479445,4479.42397879445,1378.475686,0.53,8.5,trypsin,N,0,Loxodonta africana,9785,MT-ND2,3,1,2929.9571083972246
sp|Q9TA28|NU2M_LOXAF,204,G80920RR,HexNAc(2)Hex(9),ILAYSSISHMGWMLIILPFNPTLTLLNLTIYIMLTLSIFMILTNTFTTSMSSLTLMWNK,178,237,59,NLTI,8632.202430293599,6767.568273293599,1864.634157,1.05,8.5,trypsin,N,0,Loxodonta africana,9785,MT-ND2,3,1,4317.1084911468
sp|Q9TA28|NU2M_LOXAF,204,G62765YT,HexNAc(2)Hex(8),ILAYSSISHMGWMLIILPFNPTLTLLNLTIYIMLTLSIFMILTNTFTTSMSSLTLMWNK,178,237,59,NLTI,8470.149606293598,6767.568273293599,1702.581333,1.05,8.5,trypsin,N,0,Loxodonta africana,9785,MT-ND2,3,1,4236.0820791467995
sp|Q9TA28|NU2M_LOXAF,204,G31852PQ,HexNAc(2)Hex(7),ILAYSSISHMGWMLIILPFNPTLTLLNLTIYIMLTLSIFMILTNTFTTSMSSLTLMWNK,178,237,59,NLTI,8308.0967832936,6767.568273293599,1540.52851,1.05,8.5,trypsin,N,0,Loxodonta africana,9785,MT-ND2,3,1,4155.0556676468
sp|Q9TA28|NU2M_LOXAF,204,G41247ZX,HexNAc(2)Hex(6),ILAYSSISHMGWMLIILPFNPTLTLLNLTIYIMLTLSIFMILTNTFTTSMSSLTLMWNK,178,237,59,NLTI,8146.043959293599,6767.568273293599,1378.475686,1.05,8.5,trypsin,N,0,Loxodonta africana,9785,MT-ND2,3,1,4074.0292556467994
sp|Q9TA28|NU2M_LOXAF,273,G80920RR,HexNAc(2)Hex(9),NNSIIMPLTMAIMALLNMYFYMR,273,296,23,NNSI,4614.98319272749,2750.3490357274895,1864.634157,0.87,8.59,trypsin,N,0,Loxodonta africana,9785,MT-ND2,3,1,2308.498872363745
sp|Q9TA28|NU2M_LOXAF,273,G62765YT,HexNAc(2)Hex(8),NNSIIMPLTMAIMALLNMYFYMR,273,296,23,NNSI,4452.93036872749,2750.3490357274895,1702.581333,0.87,8.59,trypsin,N,0,Loxodonta africana,9785,MT-ND2,3,1,2227.4724603637446
sp|Q9TA28|NU2M_LOXAF,273,G31852PQ,HexNAc(2)Hex(7),NNSIIMPLTMAIMALLNMYFYMR,273,296,23,NNSI,4290.87754572749,2750.3490357274895,1540.52851,0.87,8.59,trypsin,N,0,Loxodonta africana,9785,MT-ND2,3,1,2146.4460488637446
sp|Q9TA28|NU2M_LOXAF,273,G41247ZX,HexNAc(2)Hex(6),NNSIIMPLTMAIMALLNMYFYMR,273,296,23,NNSI,4128.824721727489,2750.3490357274895,1378.475686,0.87,8.59,trypsin,N,0,Loxodonta africana,9785,MT-ND2,3,1,2065.4196368637445
sp|Q9TA29|NU1M_LOXAF,99,G80920RR,HexNAc(2)Hex(9),FLFTVAPILALTLALTVWAPLPMPYPLINLNLSLLFILAMSSLMVYSILWSGWASNSK,69,127,58,NLSL,8285.153352649251,6420.519195649251,1864.634157,1.26,8.5,trypsin,N,0,Loxodonta africana,9785,MT-ND1,3,1,4143.583952324626
sp|Q9TA29|NU1M_LOXAF,99,G62765YT,HexNAc(2)Hex(8),FLFTVAPILALTLALTVWAPLPMPYPLINLNLSLLFILAMSSLMVYSILWSGWASNSK,69,127,58,NLSL,8123.100528649251,6420.519195649251,1702.581333,1.26,8.5,trypsin,N,0,Loxodonta africana,9785,MT-ND1,3,1,4062.5575403246253
sp|Q9TA29|NU1M_LOXAF,99,G31852PQ,HexNAc(2)Hex(7),FLFTVAPILALTLALTVWAPLPMPYPLINLNLSLLFILAMSSLMVYSILWSGWASNSK,69,127,58,NLSL,7961.047705649251,6420.519195649251,1540.52851,1.26,8.5,trypsin,N,0,Loxodonta africana,9785,MT-ND1,3,1,3981.5311288246253
sp|Q9TA29|NU1M_LOXAF,99,G41247ZX,HexNAc(2)Hex(6),FLFTVAPILALTLALTVWAPLPMPYPLINLNLSLLFILAMSSLMVYSILWSGWASNSK,69,127,58,NLSL,7798.994881649251,6420.519195649251,1378.475686,1.26,8.5,trypsin,N,0,Loxodonta africana,9785,MT-ND1,3,1,3900.504716824625
sp|Q9TA29|NU1M_LOXAF,157,G80920RR,HexNAc(2)Hex(9),AVAQTISYEVSMTTITLSMVLMNGSFTLTAFAMTQEHLWLILPMWPLMMMWFTSTLAETNR,135,196,61,NGSF,8851.04535468219,6986.4111976821905,1864.634157,0.63,4.75,trypsin,N,0,Loxodonta africana,9785,MT-ND1,3,1,4426.529953341095
sp|Q9TA29|NU1M_LOXAF,157,G62765YT,HexNAc(2)Hex(8),AVAQTISYEVSMTTITLSMVLMNGSFTLTAFAMTQEHLWLILPMWPLMMMWFTSTLAETNR,135,196,61,NGSF,8688.99253068219,6986.4111976821905,1702.581333,0.63,4.75,trypsin,N,0,Loxodonta africana,9785,MT-ND1,3,1,4345.503541341095
sp|Q9TA29|NU1M_LOXAF,157,G31852PQ,HexNAc(2)Hex(7),AVAQTISYEVSMTTITLSMVLMNGSFTLTAFAMTQEHLWLILPMWPLMMMWFTSTLAETNR,135,196,61,NGSF,8526.939707682192,6986.4111976821905,1540.52851,0.63,4.75,trypsin,N,0,Loxodonta africana,9785,MT-ND1,3,1,4264.477129841096
sp|Q9TA29|NU1M_LOXAF,157,G41247ZX,HexNAc(2)Hex(6),AVAQTISYEVSMTTITLSMVLMNGSFTLTAFAMTQEHLWLILPMWPLMMMWFTSTLAETNR,135,196,61,NGSF,8364.886883682191,6986.4111976821905,1378.475686,0.63,4.75,trypsin,N,0,Loxodonta africana,9785,MT-ND1,3,1,4183.450717841096
sp|Q108U3|ST7_LOXAF,47,G80920RR,HexNAc(2)Hex(9),INDNLSTVSMFLNTLTPK,44,62,18,NLST,3871.66883475506,2007.03467775506,1864.634157,0.09,5.84,trypsin,N,0,Loxodonta africana,9785,ST7,3,1,1936.84169337753
sp|Q108U3|ST7_LOXAF,47,G62765YT,HexNAc(2)Hex(8),INDNLSTVSMFLNTLTPK,44,62,18,NLST,3709.6160107550604,2007.03467775506,1702.581333,0.09,5.84,trypsin,N,0,Loxodonta africana,9785,ST7,3,1,1855.8152813775303
sp|Q108U3|ST7_LOXAF,47,G31852PQ,HexNAc(2)Hex(7),INDNLSTVSMFLNTLTPK,44,62,18,NLST,3547.5631877550604,2007.03467775506,1540.52851,0.09,5.84,trypsin,N,0,Loxodonta africana,9785,ST7,3,1,1774.7888698775303
sp|Q108U3|ST7_LOXAF,47,G41247ZX,HexNAc(2)Hex(6),INDNLSTVSMFLNTLTPK,44,62,18,NLST,3385.51036375506,2007.03467775506,1378.475686,0.09,5.84,trypsin,N,0,Loxodonta africana,9785,ST7,3,1,1693.76245787753
sp|Q108U3|ST7_LOXAF,110,G80920RR,HexNAc(2)Hex(9),YGTSFIEQVSVSHLRPLLGGVDNNSSNNSNSSNGDSDSNR,88,128,40,NNSS,6088.5681686773405,4223.93401167734,1864.634157,-0.9,4.66,trypsin,N,0,Loxodonta africana,9785,ST7,3,1,3045.29136033867
sp|Q108U3|ST7_LOXAF,110,G62765YT,HexNAc(2)Hex(8),YGTSFIEQVSVSHLRPLLGGVDNNSSNNSNSSNGDSDSNR,88,128,40,NNSS,5926.51534467734,4223.93401167734,1702.581333,-0.9,4.66,trypsin,N,0,Loxodonta africana,9785,ST7,3,1,2964.26494833867
sp|Q108U3|ST7_LOXAF,110,G31852PQ,HexNAc(2)Hex(7),YGTSFIEQVSVSHLRPLLGGVDNNSSNNSNSSNGDSDSNR,88,128,40,NNSS,5764.46252167734,4223.93401167734,1540.52851,-0.9,4.66,trypsin,N,0,Loxodonta africana,9785,ST7,3,1,2883.23853683867
sp|Q108U3|ST7_LOXAF,110,G41247ZX,HexNAc(2)Hex(6),YGTSFIEQVSVSHLRPLLGGVDNNSSNNSNSSNGDSDSNR,88,128,40,NNSS,5602.40969767734,4223.93401167734,1378.475686,-0.9,4.66,trypsin,N,0,Loxodonta africana,9785,ST7,3,1,2802.2121248386698
sp|Q108U3|ST7_LOXAF,114,G80920RR,HexNAc(2)Hex(9),YGTSFIEQVSVSHLRPLLGGVDNNSSNNSNSSNGDSDSNR,88,128,40,NNSN,6088.5681686773405,4223.93401167734,1864.634157,-0.9,4.66,trypsin,N,0,Loxodonta africana,9785,ST7,3,1,3045.29136033867
sp|Q108U3|ST7_LOXAF,114,G62765YT,HexNAc(2)Hex(8),YGTSFIEQVSVSHLRPLLGGVDNNSSNNSNSSNGDSDSNR,88,128,40,NNSN,5926.51534467734,4223.93401167734,1702.581333,-0.9,4.66,trypsin,N,0,Loxodonta africana,9785,ST7,3,1,2964.26494833867
sp|Q108U3|ST7_LOXAF,114,G31852PQ,HexNAc(2)Hex(7),YGTSFIEQVSVSHLRPLLGGVDNNSSNNSNSSNGDSDSNR,88,128,40,NNSN,5764.46252167734,4223.93401167734,1540.52851,-0.9,4.66,trypsin,N,0,Loxodonta africana,9785,ST7,3,1,2883.23853683867
sp|Q108U3|ST7_LOXAF,114,G41247ZX,HexNAc(2)Hex(6),YGTSFIEQVSVSHLRPLLGGVDNNSSNNSNSSNGDSDSNR,88,128,40,NNSN,5602.40969767734,4223.93401167734,1378.475686,-0.9,4.66,trypsin,N,0,Loxodonta africana,9785,ST7,3,1,2802.2121248386698
sp|Q108U3|ST7_LOXAF,117,G80920RR,HexNAc(2)Hex(9),YGTSFIEQVSVSHLRPLLGGVDNNSSNNSNSSNGDSDSNR,88,128,40,NSSN,6088.5681686773405,4223.93401167734,1864.634157,-0.9,4.66,trypsin,N,0,Loxodonta africana,9785,ST7,3,1,3045.29136033867
sp|Q108U3|ST7_LOXAF,117,G62765YT,HexNAc(2)Hex(8),YGTSFIEQVSVSHLRPLLGGVDNNSSNNSNSSNGDSDSNR,88,128,40,NSSN,5926.51534467734,4223.93401167734,1702.581333,-0.9,4.66,trypsin,N,0,Loxodonta africana,9785,ST7,3,1,2964.26494833867
sp|Q108U3|ST7_LOXAF,117,G31852PQ,HexNAc(2)Hex(7),YGTSFIEQVSVSHLRPLLGGVDNNSSNNSNSSNGDSDSNR,88,128,40,NSSN,5764.46252167734,4223.93401167734,1540.52851,-0.9,4.66,trypsin,N,0,Loxodonta africana,9785,ST7,3,1,2883.23853683867
sp|Q108U3|ST7_LOXAF,117,G41247ZX,HexNAc(2)Hex(6),YGTSFIEQVSVSHLRPLLGGVDNNSSNNSNSSNGDSDSNR,88,128,40,NSSN,5602.40969767734,4223.93401167734,1378.475686,-0.9,4.66,trypsin,N,0,Loxodonta africana,9785,ST7,3,1,2802.2121248386698
sp|Q108U3|ST7_LOXAF,166,G80920RR,HexNAc(2)Hex(9),EPLTYYDMNLSAQDHQTFFTCDSDHMRPADAIMQK,158,193,35,NLSA,5983.42486521405,4118.79070821405,1864.634157,-0.8,4.44,trypsin,N,0,Loxodonta africana,9785,ST7,3,1,2992.719708607025
sp|Q108U3|ST7_LOXAF,166,G62765YT,HexNAc(2)Hex(8),EPLTYYDMNLSAQDHQTFFTCDSDHMRPADAIMQK,158,193,35,NLSA,5821.37204121405,4118.79070821405,1702.581333,-0.8,4.44,trypsin,N,0,Loxodonta africana,9785,ST7,3,1,2911.693296607025
sp|Q108U3|ST7_LOXAF,166,G31852PQ,HexNAc(2)Hex(7),EPLTYYDMNLSAQDHQTFFTCDSDHMRPADAIMQK,158,193,35,NLSA,5659.31921821405,4118.79070821405,1540.52851,-0.8,4.44,trypsin,N,0,Loxodonta africana,9785,ST7,3,1,2830.666885107025
sp|Q108U3|ST7_LOXAF,166,G41247ZX,HexNAc(2)Hex(6),EPLTYYDMNLSAQDHQTFFTCDSDHMRPADAIMQK,158,193,35,NLSA,5497.26639421405,4118.79070821405,1378.475686,-0.8,4.44,trypsin,N,0,Loxodonta africana,9785,ST7,3,1,2749.6404731070247
sp|Q108U9|TES_LOXAF,103,G80920RR,HexNAc(2)Hex(9),NISINTVTYEWAPPVHNQALAR,103,125,22,NISI,4357.91061311512,2493.27645611512,1864.634157,-0.28,6.75,trypsin,N,0,Loxodonta africana,9785,TES,3,1,2179.96258255756
sp|Q108U9|TES_LOXAF,103,G62765YT,HexNAc(2)Hex(8),NISINTVTYEWAPPVHNQALAR,103,125,22,NISI,4195.85778911512,2493.27645611512,1702.581333,-0.28,6.75,trypsin,N,0,Loxodonta africana,9785,TES,3,1,2098.9361705575598
sp|Q108U9|TES_LOXAF,103,G31852PQ,HexNAc(2)Hex(7),NISINTVTYEWAPPVHNQALAR,103,125,22,NISI,4033.80496611512,2493.27645611512,1540.52851,-0.28,6.75,trypsin,N,0,Loxodonta africana,9785,TES,3,1,2017.90975905756
sp|Q108U9|TES_LOXAF,103,G41247ZX,HexNAc(2)Hex(6),NISINTVTYEWAPPVHNQALAR,103,125,22,NISI,3871.7521421151196,2493.27645611512,1378.475686,-0.28,6.75,trypsin,N,0,Loxodonta africana,9785,TES,3,1,1936.8833470575598
sp|Q108U9|TES_LOXAF,379,G80920RR,HexNAc(2)Hex(9),VTYNNFSWHASTECFLCSCCSK,375,397,22,NFSW,4393.656315202361,2529.0221582023605,1864.634157,0.05,6.69,trypsin,N,0,Loxodonta africana,9785,TES,3,1,2197.8354336011803
sp|Q108U9|TES_LOXAF,379,G62765YT,HexNAc(2)Hex(8),VTYNNFSWHASTECFLCSCCSK,375,397,22,NFSW,4231.603491202361,2529.0221582023605,1702.581333,0.05,6.69,trypsin,N,0,Loxodonta africana,9785,TES,3,1,2116.80902160118
sp|Q108U9|TES_LOXAF,379,G31852PQ,HexNAc(2)Hex(7),VTYNNFSWHASTECFLCSCCSK,375,397,22,NFSW,4069.5506682023606,2529.0221582023605,1540.52851,0.05,6.69,trypsin,N,0,Loxodonta africana,9785,TES,3,1,2035.7826101011804
sp|Q108U9|TES_LOXAF,379,G41247ZX,HexNAc(2)Hex(6),VTYNNFSWHASTECFLCSCCSK,375,397,22,NFSW,3907.4978442023603,2529.0221582023605,1378.475686,0.05,6.69,trypsin,N,0,Loxodonta africana,9785,TES,3,1,1954.7561981011802
