ProteinID,Site,Peptide,Start,End,Length,Sequon,PredictedMass,Hydrophobicity,pI,Protease,GlycosylationType,MissedCleavages,Species,TaxonID,GeneName,ProteinEvidence,SequenceVersion
sp|A0A452E9Y6|PERL_CAPHI,106,DTTLTNVTDPSLDLTALSWEVGCGAPVPLVK,101,132,31,NVTD,3211.63224627818,0.29,4.05,trypsin,N,0,Capra hircus,9925,LPO,1,1
sp|A0A452E9Y6|PERL_CAPHI,322,NLSSPLGLMAVNQEAWDHGLAYPPFNNVKPSPCEFINTTAHVPCFQAGDSR,322,373,51,NLSS,5539.61763993873,-0.28,5.31,trypsin,N,0,Capra hircus,9925,LPO,1,1
sp|A0A452E9Y6|PERL_CAPHI,358,NLSSPLGLMAVNQEAWDHGLAYPPFNNVKPSPCEFINTTAHVPCFQAGDSR,322,373,51,NTTA,5539.61763993873,-0.28,5.31,trypsin,N,0,Capra hircus,9925,LPO,1,1
sp|A0A452E9Y6|PERL_CAPHI,449,WIPPYQGYNNSVDPR,441,456,15,NNSV,1804.85328269516,-1.29,5.83,trypsin,N,0,Capra hircus,9925,LPO,1,1
sp|A0A452G813|CSCL1_CAPHI,28,LGIGDQPNDSYCYNSAK,21,38,17,NDSY,1843.80467782023,-0.91,4.21,trypsin,N,0,Capra hircus,9925,TMEM63A,1,2
sp|A0A452G813|CSCL1_CAPHI,38,NSTVLQGVTFGGIPTVLFIDVSCFLFLIVVFSIIR,38,73,35,NSTV,3814.11471292792,1.63,5.83,trypsin,N,0,Capra hircus,9925,TMEM63A,1,2
sp|A0A452G813|CSCL1_CAPHI,164,HIIFLLVVVSCLSLCIILPVNLSGDLLDK,144,173,29,NLSG,3148.8007726871097,1.76,5.21,trypsin,N,0,Capra hircus,9925,TMEM63A,1,2
sp|A0A452G813|CSCL1_CAPHI,367,DFNACK,365,371,6,NACK,696.2901106450801,-0.63,5.83,trypsin,N,0,Capra hircus,9925,TMEM63A,1,2
sp|A0A452G813|CSCL1_CAPHI,409,NLSIQGFR,409,417,8,NLSI,933.50321464581,-0.2,9.75,trypsin,N,0,Capra hircus,9925,TMEM63A,1,2
sp|A0A452G813|CSCL1_CAPHI,449,FNVTKPIHALNDPIISQFFPTLLLWSFSALLPTIVCYSTLLESHWTK,448,495,47,NVTK,5400.866490676661,0.54,6.91,trypsin,N,0,Capra hircus,9925,TMEM63A,1,2
sp|A0A452G813|CSCL1_CAPHI,757,ILNSSSSEK,755,764,9,NSSS,963.4872897981501,-0.64,6.0,trypsin,N,0,Capra hircus,9925,TMEM63A,1,2
sp|A0A452G813|CSCL1_CAPHI,778,TALSPQQQTYGAINNISGTVAGQGLAQSPEDSVAAADQED,764,804,40,NISG,4001.8726402074,-0.48,4.05,trypsin,N,0,Capra hircus,9925,TMEM63A,1,2
sp|I6VSD2|TM147_CAPHI,140,YIQMSIDSNISLVHYIVASAQVWMITR,132,159,27,NISL,3137.6041981388803,0.64,6.74,trypsin,N,0,Capra hircus,9925,TMEM147,1,1
sp|O02828|TAU_CAPHI,129,GQANATR,126,133,7,NATR,716.35655041212,-1.29,9.75,trypsin,N,0,Capra hircus,9925,MAPT,2,3
sp|O02828|TAU_CAPHI,321,IGSLDNITHVPGGGNK,316,332,16,NITH,1577.81616891045,-0.33,6.74,trypsin,N,0,Capra hircus,9925,MAPT,2,3
sp|O02828|TAU_CAPHI,372,HLSNVSSTGSIDMVDSPQLATLADEVSASLAK,369,401,32,NVSS,3242.5976516746105,0.13,4.22,trypsin,N,0,Capra hircus,9925,MAPT,2,3
sp|P00712|LALBA_CAPHI,64,DYGGVSLPEWVCTAFHTSGYDTQAIVQNNDSTEYGLFQINNK,36,78,42,NDST,4681.13435127667,-0.51,4.1,trypsin,N,0,Capra hircus,9925,LALBA,1,1
sp|P00712|LALBA_CAPHI,90,NICNISCDK,90,99,9,NICN,1008.4368515317601,-0.13,5.82,trypsin,N,0,Capra hircus,9925,LALBA,1,1
sp|P00712|LALBA_CAPHI,93,NICNISCDK,90,99,9,NISC,1008.4368515317601,-0.13,5.82,trypsin,N,0,Capra hircus,9925,LALBA,1,1
sp|P13296|TNFA_CAPHI,96,SSSQASSNKPVAHVVANISAPGQLR,80,105,25,NISA,2504.30954714855,-0.24,11.0,trypsin,N,0,Capra hircus,9925,TNF,2,2
sp|P51457|IGF1_CAPHI,141,NTSR,141,145,4,NTSR,476.23431002112,-2.38,9.75,trypsin,N,0,Capra hircus,9925,IGF1,2,2
sp|P52113|PRIO_CAPHI,184,YPNQVYYRPVDQYSNQNNFVHDCVNITVK,160,189,29,NITV,3516.65208728931,-0.89,6.73,trypsin,N,0,Capra hircus,9925,PRNP,3,1
sp|P52113|PRIO_CAPHI,200,GENFTETDIK,198,208,10,NFTE,1152.52988288612,-1.24,4.14,trypsin,N,0,Capra hircus,9925,PRNP,3,1
sp|P67926|RNAS1_CAPHI,24,QHMDSSTSSASSSNYCNQMMK,11,32,21,NYCN,2322.89735161206,-1.06,6.73,trypsin,N,0,Capra hircus,9925,RNASE1,1,1
sp|P67926|RNAS1_CAPHI,34,NLTQDR,34,40,6,NLTQ,745.3718661230901,-1.98,5.84,trypsin,N,0,Capra hircus,9925,RNASE1,1,1
sp|P79155|IL4_CAPHI,46,NSCMELPVADVFAAPK,46,62,16,NSCM,1690.80586412054,0.4,4.37,trypsin,N,0,Capra hircus,9925,IL4,2,1
sp|P79155|IL4_CAPHI,62,NATEK,62,67,5,NATE,561.27584047993,-1.96,6.0,trypsin,N,0,Capra hircus,9925,IL4,2,1
sp|P79155|IL4_CAPHI,96,NLSSLASK,96,104,8,NLSS,818.44978209062,-0.05,8.75,trypsin,N,0,Capra hircus,9925,IL4,2,1
sp|Q0GC71|TLR2_CAPHI,114,LSNLSSSWFR,112,122,10,NLSS,1195.59857158263,-0.17,9.75,trypsin,N,0,Capra hircus,9925,TLR2,2,1
sp|Q0GC71|TLR2_CAPHI,199,SIQNISHLILHLK,196,209,13,NISH,1514.8932970323401,0.46,8.51,trypsin,N,0,Capra hircus,9925,TLR2,2,1
sp|Q0GC71|TLR2_CAPHI,248,DTNLHTFHFSEASISEMNTSVK,231,253,22,NTSV,2494.1434529098906,-0.51,5.27,trypsin,N,0,Capra hircus,9925,TLR2,2,1
sp|Q0GC71|TLR2_CAPHI,442,QLNLSSTR,440,448,8,NLSS,917.49304388493,-0.78,9.75,trypsin,N,0,Capra hircus,9925,TLR2,2,1
sp|Q28314|NOS2_CAPHI,54,HGNESPQPLTGTVK,52,66,14,NESP,1463.73685596059,-1.13,6.75,trypsin,N,0,Capra hircus,9925,NOS2,2,2
sp|Q28314|NOS2_CAPHI,430,QNVTIMDHHSAAESFMK,429,446,17,NVTI,1944.88221694828,-0.45,5.99,trypsin,N,0,Capra hircus,9925,NOS2,2,2
sp|Q28314|NOS2_CAPHI,809,LETLCENGSYWVK,803,816,13,NGSY,1540.7231800424,-0.32,4.53,trypsin,N,0,Capra hircus,9925,NOS2,2,2
sp|Q28317|KIT_CAPHI,94,AEATNTGNYTCTNK,87,101,14,NYTC,1486.63582158998,-1.16,6.04,trypsin,N,0,Capra hircus,9925,KIT,2,1
sp|Q28317|KIT_CAPHI,130,EENDTLVR,128,136,8,NDTL,974.4668887067401,-1.4,4.14,trypsin,N,0,Capra hircus,9925,KIT,2,1
sp|Q28317|KIT_CAPHI,145,CPLTDPEVTNYSLTGCEGKPLPK,136,159,23,NYSL,2461.186897945,-0.55,4.68,trypsin,N,0,Capra hircus,9925,KIT,2,1
sp|Q28317|KIT_CAPHI,284,VNDSGVFMCYANNTFGSANVTTTLEVVDK,283,312,29,NDSG,3095.4216018889397,0.12,4.05,trypsin,N,0,Capra hircus,9925,KIT,2,1
sp|Q28317|KIT_CAPHI,294,VNDSGVFMCYANNTFGSANVTTTLEVVDK,283,312,29,NNTF,3095.4216018889397,0.12,4.05,trypsin,N,0,Capra hircus,9925,KIT,2,1
sp|Q28317|KIT_CAPHI,301,VNDSGVFMCYANNTFGSANVTTTLEVVDK,283,312,29,NVTT,3095.4216018889397,0.12,4.05,trypsin,N,0,Capra hircus,9925,KIT,2,1
sp|Q28317|KIT_CAPHI,321,GFINIFPMMNTTVFVNDGENVDLVVEYEAYPKPEHR,312,348,36,NTTV,4184.00233857946,-0.23,4.35,trypsin,N,0,Capra hircus,9925,KIT,2,1
sp|Q28317|KIT_CAPHI,368,SENESNIR,366,374,8,NESN,947.43083755119,-1.95,4.53,trypsin,N,0,Capra hircus,9925,KIT,2,1
sp|Q28317|KIT_CAPHI,401,GTEGGTYTFHVSNSDVNSSVTFNVNVNTKPEILTHDR,385,422,37,NSSV,4035.91986518334,-0.62,5.31,trypsin,N,0,Capra hircus,9925,KIT,2,1
sp|Q28317|KIT_CAPHI,464,CSVPVGPVDVQIQNSSVSPFGK,451,473,22,NSSV,2243.1256180177797,0.19,5.83,trypsin,N,0,Capra hircus,9925,KIT,2,1
sp|Q28317|KIT_CAPHI,487,HNGTVECR,486,494,8,NGTV,914.40284898154,-1.14,6.74,trypsin,N,0,Capra hircus,9925,KIT,2,1
sp|Q28317|KIT_CAPHI,716,ESSCNDSTNEYMDMKPGVSYVVPTK,712,737,25,NDST,2780.19793320451,-0.83,4.32,trypsin,N,0,Capra hircus,9925,KIT,2,1
sp|Q28317|KIT_CAPHI,821,NDSNYVVK,821,829,8,NDSN,937.45051036661,-1.01,5.83,trypsin,N,0,Capra hircus,9925,KIT,2,1
sp|Q28317|KIT_CAPHI,943,QISESTNHIYSNLANCSPHR,929,949,20,NCSP,2270.04982730857,-0.91,6.91,trypsin,N,0,Capra hircus,9925,KIT,2,1
sp|Q29477|TRFL_CAPHI,187,AYPNLCQLCK,184,194,10,NLCQ,1151.54673633391,0.06,8.09,trypsin,N,0,Capra hircus,9925,LTF,1,1
sp|Q29477|TRFL_CAPHI,252,DQYELLCLNNTR,244,256,12,NNTR,1480.69802792372,-0.84,4.37,trypsin,N,0,Capra hircus,9925,LTF,1,1
sp|Q29477|TRFL_CAPHI,387,CQQWSEQSGQNVTCATASTTDDCIALVLK,377,406,29,NVTC,3099.3947355181,-0.17,4.05,trypsin,N,0,Capra hircus,9925,LTF,1,1
sp|Q29477|TRFL_CAPHI,495,TAGWNIPMGLIANQTGSCAFDEFFSQSCAPGADPK,483,518,35,NQTG,3630.6217753308097,-0.07,4.05,trypsin,N,0,Capra hircus,9925,LTF,1,1
sp|Q29477|TRFL_CAPHI,564,NDTVWENTNGESSADWAK,564,582,18,NDTV,2022.85552709278,-1.43,4.05,trypsin,N,0,Capra hircus,9925,LTF,1,1
sp|Q5VI41|ITB2_CAPHI,50,LNFTGQGEPDSTR,49,62,13,NFTG,1420.65827128672,-1.27,4.37,trypsin,N,0,Capra hircus,9925,ITGB2,2,1
sp|Q5VI41|ITB2_CAPHI,116,QLSPEEVTLYLRPGQAAAFNVTFQR,97,122,25,NVTF,2834.47152709321,-0.25,6.14,trypsin,N,0,Capra hircus,9925,ITGB2,2,1
sp|Q5VI41|ITB2_CAPHI,254,NVTR,254,258,4,NVTR,488.27069552984,-1.12,9.75,trypsin,N,0,Capra hircus,9925,ITGB2,2,1
sp|Q5VI41|ITB2_CAPHI,501,DNSSIICSGLGDCICGQCVCHTSDVPNK,500,528,28,NSSI,2867.2016557693,0.12,4.41,trypsin,N,0,Capra hircus,9925,ITGB2,2,1
sp|Q5VI41|ITB2_CAPHI,599,CNVCQCDPGYQPPLCIDCPGCPVPCAGFAPCTECLK,598,634,36,NVCQ,3743.52115869182,0.28,4.05,trypsin,N,0,Capra hircus,9925,ITGB2,2,1
sp|Q5VI41|ITB2_CAPHI,642,NCSAACGQTK,642,652,10,NCSA,981.4008003762101,-0.42,8.06,trypsin,N,0,Capra hircus,9925,ITGB2,2,1
sp|Q6YI21|CP19A_CAPHI,12,HYNVTSMVSEVVPIASIAILLLTGFLLLVWNYEDTSSIPGPSYFLGIGPLISHCR,10,65,55,NVTS,6002.14061690443,0.78,5.27,trypsin,N,0,Capra hircus,9925,CYP19A1,2,1
sp|Q6YI21|CP19A_CAPHI,297,ENVNQCILEMLIAAPDTMSVSVFFMLFLIAK,294,325,31,NQCI,3486.76750060649,1.11,4.14,trypsin,N,0,Capra hircus,9925,CYP19A1,2,1
sp|Q6YI21|CP19A_CAPHI,361,VVENFINESMR,355,366,11,NESM,1336.6445357988798,-0.15,4.53,trypsin,N,0,Capra hircus,9925,CYP19A1,2,1
sp|Q867B2|CXCR3_CAPHI,22,QEFQASEFAYLLENSSYDYGENETYFCCTSPPCPQDFSLNFDR,9,52,43,NSSY,5054.094596833281,-0.76,4.05,trypsin,N,0,Capra hircus,9925,CXCR3,2,1
sp|Q867B2|CXCR3_CAPHI,30,QEFQASEFAYLLENSSYDYGENETYFCCTSPPCPQDFSLNFDR,9,52,43,NETY,5054.094596833281,-0.76,4.05,trypsin,N,0,Capra hircus,9925,CXCR3,2,1
sp|Q867B2|CXCR3_CAPHI,197,LNATHCQYNFPQEGR,196,211,15,NATH,1776.8002015764798,-1.22,6.74,trypsin,N,0,Capra hircus,9925,CXCR3,2,1
sp|Q8MIP2|FOXL2_CAPHI,106,HNLSLNECFIK,105,116,11,NLSL,1316.65470655976,-0.09,6.74,trypsin,N,0,Capra hircus,9925,FOXL2,1,1
sp|Q8MIP2|FOXL2_CAPHI,110,HNLSLNECFIK,105,116,11,NECF,1316.65470655976,-0.09,6.74,trypsin,N,0,Capra hircus,9925,FOXL2,1,1
sp|Q8MIP2|FOXL2_CAPHI,202,YLQSGFLNNSWPLPQPPSPMPYASCQMAAAAAAAAAAAAAAGPGSPGAAAVVK,195,248,53,NNSW,5038.45682921104,0.34,8.18,trypsin,N,0,Capra hircus,9925,FOXL2,1,1
sp|Q8SPQ0|CH3L1_CAPHI,60,EGDGSCFPDAIDPFLCTHIIYSFANISNNEIDTWEWNDVTLYDTLNTLK,36,85,49,NISN,5609.55955841223,-0.23,4.05,trypsin,N,0,Capra hircus,9925,CHI3L1,1,1
sp|Q8SPQ0|CH3L1_CAPHI,367,GTFCGQNLTFPLTSAVK,361,378,17,NLTF,1782.8974560062597,0.32,8.22,trypsin,N,0,Capra hircus,9925,CHI3L1,1,1
sp|Q95327|MANBA_CAPHI,35,IHNGNGSLQLPAAVPGCVHSALFNK,31,56,25,NGSL,2543.30671069758,0.19,8.24,trypsin,N,0,Capra hircus,9925,MANBA,1,1
sp|Q95327|MANBA_CAPHI,77,WIALDNWTYIK,72,83,11,NWTY,1421.7343367794501,-0.01,5.83,trypsin,N,0,Capra hircus,9925,MANBA,1,1
sp|Q95327|MANBA_CAPHI,211,IEAYNICHLNYFMFTPIYDNYMETWNLK,207,235,28,NICH,3545.61344249324,-0.21,4.65,trypsin,N,0,Capra hircus,9925,MANBA,1,1
sp|Q95327|MANBA_CAPHI,297,AVIVETWWPHGHGNQTGYDMTVTFELDGGLR,284,315,31,NQTG,3485.64627363288,-0.33,4.72,trypsin,N,0,Capra hircus,9925,MANBA,1,1
sp|Q95327|MANBA_CAPHI,803,ANITATISQQGNTFVFDLK,802,821,19,NITA,2067.06366938422,0.08,5.88,trypsin,N,0,Capra hircus,9925,MANBA,1,1
sp|Q9N0U7|CP17A_CAPHI,185,IINQEANVLCDFLATQHGQSIDLSEPLSLAVTNIISFICFNFSFK,145,190,45,NFSF,4999.51399265065,0.57,4.31,trypsin,N,0,Capra hircus,9925,CYP17A1,2,1
sp|Q9N0U7|CP17A_CAPHI,253,CQENFTSDSITNLLHILMQAK,250,271,21,NFTS,2405.1719165872,-0.08,5.32,trypsin,N,0,Capra hircus,9925,CYP17A1,2,1
sp|C0HJR3|LEG1_CAPHI,41,DSNNLCLHFNPR,38,50,12,NLCL,1428.6568318180798,-0.93,6.74,trypsin,N,0,Capra hircus,9925,LGALS1,1,1
sp|P02102|HBE1_CAPHI,48,FFDSFGNLSSASAIMGNPK,42,61,19,NLSS,1988.93021268652,0.12,5.84,trypsin,N,0,Capra hircus,9925,HBE1,2,2
sp|P02105|HBE2_CAPHI,48,FFDSFGNLCSESAIMGNPK,42,61,19,NLCS,2062.9128483702198,0.01,4.37,trypsin,N,0,Capra hircus,9925,HBE2,2,2
sp|P02447|KRA31_CAPHI,69,CGVCLPSTCPHDISLLQPTFCDNSPVPYHVPDTYVPTCFLLNSSHPTPGLSGINLTTFIQPGCENACEPR,28,98,70,NSSH,7512.48306973433,0.01,4.77,trypsin,N,0,Capra hircus,9925,KRTAP3-1,1,2
sp|P02447|KRA31_CAPHI,81,CGVCLPSTCPHDISLLQPTFCDNSPVPYHVPDTYVPTCFLLNSSHPTPGLSGINLTTFIQPGCENACEPR,28,98,70,NLTT,7512.48306973433,0.01,4.77,trypsin,N,0,Capra hircus,9925,KRTAP3-1,1,2
sp|P02447|KRA31_CAPHI,92,CGVCLPSTCPHDISLLQPTFCDNSPVPYHVPDTYVPTCFLLNSSHPTPGLSGINLTTFIQPGCENACEPR,28,98,70,NACE,7512.48306973433,0.01,4.77,trypsin,N,0,Capra hircus,9925,KRTAP3-1,1,2
sp|P0CH25|HBA1_CAPHI,132,FLANVSTVLTSK,129,141,12,NVST,1278.71835236214,0.85,8.75,trypsin,N,0,Capra hircus,9925,HBA1,1,1
sp|P0CH26|HBA2_CAPHI,132,FLANVSTVLTSK,129,141,12,NVST,1278.71835236214,0.85,8.75,trypsin,N,0,Capra hircus,9925,HBA2,1,1
sp|P10626|ACRO_CAPHI,3,DNTTCDGPCGIR,2,14,12,NTTC,1250.5019709694602,-0.78,4.21,trypsin,N,0,Capra hircus,9925,ACR,1,1
sp|P13786|HBAZ_CAPHI,76,SIDNVTSALSK,73,84,11,NVTS,1133.59281749585,0.03,5.55,trypsin,N,0,Capra hircus,9925,HBZ1,3,2
sp|P63290|VIP_CAPHI,9,HSDAVFTDNYTR,1,13,12,NYTR,1424.63205653888,-1.07,5.21,trypsin,N,0,Capra hircus,9925,VIP,1,1
sp|P79153|CP11A_CAPHI,318,ANITEMLAGGVDTTSMTLQWHLYEMAR,317,344,27,NITE,3038.42999882801,-0.02,4.65,trypsin,N,0,Capra hircus,9925,CYP11A1,2,1
sp|P79161|IL1A_CAPHI,102,LSLNQFITDDDLEAIANDTEEEIIKPR,86,113,27,NDTE,3101.5404540683203,-0.55,4.05,trypsin,N,0,Capra hircus,9925,IL1A,2,1
sp|P79161|IL1A_CAPHI,141,VIHQECILNDALNQSIIR,129,147,18,NQSI,2078.0942583198503,0.26,5.32,trypsin,N,0,Capra hircus,9925,IL1A,2,1
sp|P81447|GLCM1_CAPHI,96,NATLGSEETTEHAPSDASTTEGK,96,119,23,NATL,2332.03025654911,-1.18,4.25,trypsin,N,0,Capra hircus,9925,GLYCAM1,1,2
sp|Q03256|SRY_CAPHI,44,TSSLCTDNHSANDQCER,37,54,17,NHSA,1879.74248856983,-1.29,4.53,trypsin,N,0,Capra hircus,9925,SRY,3,2
sp|Q03256|SRY_CAPHI,56,GENVTESSQDHVK,54,67,13,NVTE,1428.6481005258402,-1.45,4.65,trypsin,N,0,Capra hircus,9925,SRY,3,2
sp|Q28315|PROC_CAPHI,17,EVIVRPNYTK,11,21,10,NYTK,1217.67682190333,-0.61,8.69,trypsin,N,0,Capra hircus,9925,PROC,2,1
sp|Q28315|PROC_CAPHI,94,IPVVSYNACVHAMENK,88,104,16,NACV,1773.85421129529,0.24,6.74,trypsin,N,0,Capra hircus,9925,PROC,2,1
sp|Q28318|PRL_CAPHI,61,AVMVSHYIHNLSSEMFNEFDK,52,73,21,NLSS,2497.14061645892,-0.17,5.28,trypsin,N,0,Capra hircus,9925,PRL,2,1
sp|Q28318|PRL_CAPHI,86,GYITMALNSCHTSSLPTPEDK,79,100,21,NSCH,2264.0453190917497,-0.41,5.32,trypsin,N,0,Capra hircus,9925,PRL,2,1
sp|Q28318|PRL_CAPHI,227,IIYNNNC,223,230,7,NNC,852.37998827864,-0.04,5.52,trypsin,N,0,Capra hircus,9925,PRL,2,1
sp|Q28319|IL6_CAPHI,38,NDTTPSR,38,45,7,NDTT,789.3616953622101,-2.19,5.84,trypsin,N,0,Capra hircus,9925,IL6,2,1
sp|Q36347|COX1_CAPHI,99,MNNMSFWLLPPSFLLLLASSMVEAGAGTGWTVYPPLAGNLAHAGASVDLTIFSLHLAGISSILGAINFITTIINMKPPAMSQYQTPLFVWSVLITAVLLLLSLPVLAAGITMLLTDR,97,214,117,NMSF,12389.64490784887,0.99,5.96,trypsin,N,0,Capra hircus,9925,MT-CO1,3,2
sp|Q36347|COX1_CAPHI,216,NLNTTFFDPAGGGDPILYQHLFWFFGHPEVYILILPGFGMISHIVTYYSGK,214,265,51,NTTF,5788.88974530238,0.33,5.73,trypsin,N,0,Capra hircus,9925,MT-CO1,3,2
sp|Q36347|COX1_CAPHI,360,WSPAMMWALGFIFLFTVGGLTGIVLANSSLDIVLHDTYYVVAHFHYVLSMGAVFAIMGGFVHWFPLFSGYTLNDTWAK,334,412,78,NSSL,8715.36338729603,0.92,5.98,trypsin,N,0,Capra hircus,9925,MT-CO1,3,2
sp|Q36347|COX1_CAPHI,406,WSPAMMWALGFIFLFTVGGLTGIVLANSSLDIVLHDTYYVVAHFHYVLSMGAVFAIMGGFVHWFPLFSGYTLNDTWAK,334,412,78,NDTW,8715.36338729603,0.92,5.98,trypsin,N,0,Capra hircus,9925,MT-CO1,3,2
sp|Q36347|COX1_CAPHI,422,IHFAIMFVGVNMTFFPQHFLGLSGMPR,412,439,27,NMTF,3093.5543519258404,0.84,9.76,trypsin,N,0,Capra hircus,9925,MT-CO1,3,2
sp|Q36347|COX1_CAPHI,496,EVLTVDLTTTNLEWLNGCPPPYHTFEEPTYVSLK,481,515,34,NGCP,3905.90735848212,-0.29,4.25,trypsin,N,0,Capra hircus,9925,MT-CO1,3,2
sp|Q3ZT29|IL18_CAPHI,20,FINNTLYFVAENGDLESDHFGK,18,40,22,NNTL,2529.1812183176003,-0.4,4.31,trypsin,N,0,Capra hircus,9925,IL18,2,1
sp|Q861R7|KANL2_CAPHI,313,CSNQSLPMTR,311,321,10,NQSL,1135.51141345435,-0.72,8.25,trypsin,N,0,Capra hircus,9925,KANSL2,2,2
sp|Q95170|OPSR_CAPHI,34,LAGGQPQANFEESTQGSIFTYTNSNSTR,10,38,28,NSTR,3004.37987110599,-0.9,4.53,trypsin,N,0,Capra hircus,9925,OPN1LW,1,1
sp|Q95M19|SCF_CAPHI,90,FSNISEGLSNYSIIDK,88,104,16,NISE,1785.8784943834899,-0.17,4.37,trypsin,N,0,Capra hircus,9925,KITLG,2,1
sp|Q95M19|SCF_CAPHI,97,FSNISEGLSNYSIIDK,88,104,16,NYSI,1785.8784943834899,-0.17,4.37,trypsin,N,0,Capra hircus,9925,KITLG,2,1
sp|Q95M19|SCF_CAPHI,196,NDSSSSNR,196,204,8,NDSS,865.35258723049,-2.28,5.84,trypsin,N,0,Capra hircus,9925,KITLG,2,1
sp|Q95M19|SCF_CAPHI,244,QPNLTR,242,248,6,NLTR,727.39768694811,-1.67,9.75,trypsin,N,0,Capra hircus,9925,KITLG,2,1
sp|Q95MI7|SCD_CAPHI,259,YAVVLNATWLVNSAAHMYGYRPYDK,254,279,25,NATW,2901.42721975308,-0.1,8.39,trypsin,N,0,Capra hircus,9925,SCD,2,1
sp|Q95MI7|SCD_CAPHI,318,WHINFTTFFIDCMAAIGLAYDR,315,337,22,NFTT,2604.22937189367,0.6,5.21,trypsin,N,0,Capra hircus,9925,SCD,2,1
sp|Q9XT57|ADRB3_CAPHI,8,NSSLTPWPDIPTLAPNTANASGLPGVPWAVALAGALLALAVLAIVGGNLLVIVAIAR,8,65,57,NSSL,5579.16472128368,1.1,5.84,trypsin,N,0,Capra hircus,9925,ADRB3,3,1
sp|Q9XT57|ADRB3_CAPHI,26,NSSLTPWPDIPTLAPNTANASGLPGVPWAVALAGALLALAVLAIVGGNLLVIVAIAR,8,65,57,NASG,5579.16472128368,1.1,5.84,trypsin,N,0,Capra hircus,9925,ADRB3,3,1
sp|A5YVD9|CAB45_CAPHI,26,QGPLCGLAPCCLWLLGVILLMNASARPANHSSAR,5,39,34,NASA,3531.80874576854,0.64,8.73,trypsin,N,0,Capra hircus,9925,SDF4,2,1
sp|A5YVD9|CAB45_CAPHI,33,QGPLCGLAPCCLWLLGVILLMNASARPANHSSAR,5,39,34,NHSS,3531.80874576854,0.64,8.73,trypsin,N,0,Capra hircus,9925,SDF4,2,1
sp|D3INW7|UT1_CAPHI,90,GISQVVFVSNPISGILILVGLLVQNPWCALNGCVGTVVSTLTALLLNQDR,60,110,50,NGCV,5203.85052334269,1.07,5.82,trypsin,N,0,Capra hircus,9925,SLC14A1,2,1
sp|D3INW7|UT1_CAPHI,120,SAITAGLQGYNATLVGILMAIYSDK,110,135,25,NATL,2569.3461754677205,0.68,5.55,trypsin,N,0,Capra hircus,9925,SLC14A1,2,1
sp|D3INW7|UT1_CAPHI,206,WDLPVFTLPFNMALSMYLSATGHYNPFFPSTLVTPVTSVPNVTWPDLSALQLLK,166,220,54,NVTW,6036.09260408285,0.43,5.21,trypsin,N,0,Capra hircus,9925,SLC14A1,2,1
sp|D3INW7|UT1_CAPHI,284,SLPVGVGQIYGCDNPWAGGIFLGAILLSSPLMCLHAAIGSLLGIIAGLSLSAPFENIYAGLWGFNSSLACIAIGGMFMALTWQTHLLALACALFTAYLGASMSHVMAVVGLPSCTWPFCLATLLFLLLTTK,220,351,131,NSSL,13585.99718453499,1.19,6.19,trypsin,N,0,Capra hircus,9925,SLC14A1,2,1
sp|O02814|IL12A_CAPHI,95,TSTVEACLPLELATNESCLASR,81,103,22,NESC,2307.1086476243,0.24,4.25,trypsin,N,0,Capra hircus,9925,IL12A,2,1
sp|O18809|CP2F3_CAPHI,106,GDYPAFFNFTK,99,110,11,NFTK,1305.60298825673,-0.43,5.83,trypsin,N,0,Capra hircus,9925,CYP2F3,2,1
sp|O18809|CP2F3_CAPHI,417,EFNPEHFLDANMSFK,407,422,15,NMSF,1824.81412030512,-0.74,4.65,trypsin,N,0,Capra hircus,9925,CYP2F3,2,1
sp|P01319|INS_CAPHI,48,AGIVEQCCAGVCSLYQLENYCN,30,52,22,NYCN,2379.0003601286203,0.4,4.05,trypsin,N,0,Capra hircus,9925,INS,1,1
sp|P24953|CYB_CAPHI,26,IVNNAFIDLPTPSNISSWWNFGSLLGICLILQILTGLFLAMHYTSDTMTAFSSVTHICR,13,72,59,NISS,6542.29793955815,0.73,5.98,trypsin,N,0,Capra hircus,9925,MT-CYB,3,1
sp|P24953|CYB_CAPHI,255,DILGAMLLILVLMLLVLFTPDLLGDPDNYTPANPLNTPPHIKPEWYFLFAYAILR,228,283,55,NYTP,6250.369888563271,0.67,4.35,trypsin,N,0,Capra hircus,9925,MT-CYB,3,1
sp|P50426|GNS_CAPHI,118,YPHNHHVVNNTLEGNCSSK,110,129,19,NNTL,2148.97593409232,-1.15,7.01,trypsin,N,0,Capra hircus,9925,GNS,2,1
sp|P50426|GNS_CAPHI,124,YPHNHHVVNNTLEGNCSSK,110,129,19,NCSS,2148.97593409232,-1.15,7.01,trypsin,N,0,Capra hircus,9925,GNS,2,1
sp|P50426|GNS_CAPHI,190,YYNYTLSINGK,188,199,11,NYTL,1334.6506667251401,-0.76,8.43,trypsin,N,0,Capra hircus,9925,GNS,2,1
sp|P50426|GNS_CAPHI,205,HGENYSVDYLTDVLANVSLDFLDYK,202,227,25,NYSV,2889.37086956208,-0.23,4.05,trypsin,N,0,Capra hircus,9925,GNS,2,1
sp|P50426|GNS_CAPHI,217,HGENYSVDYLTDVLANVSLDFLDYK,202,227,25,NVSL,2889.37086956208,-0.23,4.05,trypsin,N,0,Capra hircus,9925,GNS,2,1
sp|P50426|GNS_CAPHI,286,TPMTNSSIQFLDNAFR,282,298,16,NSSI,1840.87778319084,-0.34,5.5,trypsin,N,0,Capra hircus,9925,GNS,2,1
sp|P50426|GNS_CAPHI,324,LEFNGELNNTYIFYTSDNGYHTGQFSLPIDK,317,348,31,NNTY,3596.67359349619,-0.65,4.31,trypsin,N,0,Capra hircus,9925,GNS,2,1
sp|P50426|GNS_CAPHI,369,GPGIKPNQTSK,363,374,11,NQTS,1125.61422164677,-1.44,10.0,trypsin,N,0,Capra hircus,9925,GNS,2,1
sp|P50426|GNS_CAPHI,412,GASNLTWR,409,417,8,NLTW,903.45626445339,-0.65,9.75,trypsin,N,0,Capra hircus,9925,GNS,2,1
sp|P50426|GNS_CAPHI,429,NVTDPTCPSLSPGVSQCFPDCVCEDAYNNTYACVR,429,464,35,NVTD,3767.5670395296197,-0.2,4.05,trypsin,N,0,Capra hircus,9925,GNS,2,1
sp|P50426|GNS_CAPHI,456,NVTDPTCPSLSPGVSQCFPDCVCEDAYNNTYACVR,429,464,35,NNTY,3767.5670395296197,-0.2,4.05,trypsin,N,0,Capra hircus,9925,GNS,2,1
sp|P50426|GNS_CAPHI,487,TMSELWNLQYCEFDDQEVFVEVYNLTADPHQLNNIAK,464,501,37,NLTA,4416.03548918254,-0.47,4.05,trypsin,N,0,Capra hircus,9925,GNS,2,1
sp|P56444|MSHR_CAPHI,15,LLGSLNCTPPATLPLTLAPNR,10,31,21,NCTP,2161.19290973196,0.37,8.25,trypsin,N,0,Capra hircus,9925,MC1R,3,1
sp|P56444|MSHR_CAPHI,184,IIAAIWVASILTSVLSITYYNHTVVLLCLVGFFIAMLALMAVLYVHMLAR,164,214,50,NHTV,5536.06943064197,1.86,8.19,trypsin,N,0,Capra hircus,9925,MC1R,3,1
sp|P62756|IATR_CAPHI,24,YFYNGTSMACETFYYGGCMGNGNNFPSEK,21,50,29,NGTS,3251.27692888454,-0.61,4.53,trypsin,N,0,Unknown,Unknown,Unknown,Unknown,Unknown
sp|P68221|IL12B_CAPHI,223,YENYTSSFFIR,221,232,11,NYTS,1425.65648038157,-0.57,6.0,trypsin,N,0,Capra hircus,9925,IL12B,2,1
sp|P79154|IFNG_CAPHI,39,EYFNASNPDVAK,36,48,12,NASN,1353.62009487285,-0.92,4.37,trypsin,N,0,Capra hircus,9925,IFNG,2,1
sp|P79154|IFNG_CAPHI,106,FLNGSSEK,104,112,8,NGSS,880.42904664604,-0.79,6.0,trypsin,N,0,Capra hircus,9925,IFNG,2,1
sp|Q32644|ATP6_CAPHI,163,LTANITAGHLLIHLIGGATLALTSISPTTALITFIILILLTILEFELGTR,160,210,50,NITA,5253.0771350659,1.36,6.0,trypsin,N,0,Capra hircus,9925,MT-ATP6,3,1
sp|Q36346|NU2M_CAPHI,171,LVPMSVLYQILPSINLDLILTLSILSIMIGGWGGLNQTQLR,136,177,41,NQTQ,4492.52052203158,0.98,5.84,trypsin,N,0,Capra hircus,9925,MT-ND2,3,1
sp|Q36346|NU2M_CAPHI,222,IMAYSSIAHMGWMTAILPYNPTMMLLNLIIYITMTSTMFLLFMANSTTTTLSLSLTWNK,178,237,59,NSTT,6707.350829271761,0.8,8.44,trypsin,N,0,Capra hircus,9925,MT-ND2,3,1
sp|Q36346|NU2M_CAPHI,273,NNSIILPTLMAITALLNLYFYMR,273,296,23,NNSI,2684.4433874111896,0.93,8.59,trypsin,N,0,Capra hircus,9925,MT-ND2,3,1
sp|Q37430|COX2_CAPHI,180,LNQTTLMSTRPGLFYGQCSEICGSNHSFMPIVLELVPLK,179,218,39,NQTT,4323.15641377605,0.24,6.74,trypsin,N,0,Capra hircus,9925,MT-CO2,3,1
sp|Q37430|COX2_CAPHI,203,LNQTTLMSTRPGLFYGQCSEICGSNHSFMPIVLELVPLK,179,218,39,NHSF,4323.15641377605,0.24,6.74,trypsin,N,0,Capra hircus,9925,MT-CO2,3,1
sp|Q66NC0|GDF9_CAPHI,163,SVLLYTFNNSISFPFPVK,156,174,18,NNSI,2072.0982639877902,0.58,8.31,trypsin,N,0,Capra hircus,9925,GDF9,3,1
sp|Q66NC0|GDF9_CAPHI,236,NIHMSVNFTCAK,230,242,12,NFTC,1363.6376765966302,0.17,8.23,trypsin,N,0,Capra hircus,9925,GDF9,3,1
sp|Q66NC0|GDF9_CAPHI,255,DSLFNMTLLVAPSLLLYLNDTSAQAFHR,251,279,28,NMTL,3149.6219563780005,0.42,5.21,trypsin,N,0,Capra hircus,9925,GDF9,3,1
sp|Q66NC0|GDF9_CAPHI,269,DSLFNMTLLVAPSLLLYLNDTSAQAFHR,251,279,28,NDTS,3149.6219563780005,0.42,5.21,trypsin,N,0,Capra hircus,9925,GDF9,3,1
sp|Q66NC0|GDF9_CAPHI,337,KPLVPASANLSEYFK,329,344,15,NLSE,1662.89810762926,-0.18,8.5,trypsin,N,0,Capra hircus,9925,GDF9,3,1
sp|Q66NC0|GDF9_CAPHI,350,QFLFPQNECELHDFR,344,359,15,NECE,1921.8781175440097,-0.79,4.65,trypsin,N,0,Capra hircus,9925,GDF9,3,1
sp|Q6R648|KR111_CAPHI,9,NCSSR,9,14,5,NCSS,565.2278447416901,-1.42,8.25,trypsin,N,0,Capra hircus,9925,KRTAP11-1,2,1
sp|Q6R649|K1C27_CAPHI,338,HSLECSLTETEGNYCAQLAQIQAQIGALEEQLHQVR,326,362,36,NYCA,4009.9262135170798,-0.38,4.62,trypsin,N,0,Capra hircus,9925,KRT27,2,1
sp|Q6R650|K1C25_CAPHI,34,LSGAGASFGAGNACSMPGIGSSFSCAFGSSSSGGNALGGNPCAGFTMNEGGLLSGNEK,23,81,58,NACS,5304.29512171166,0.13,4.53,trypsin,N,0,Capra hircus,9925,KRT25,2,1
sp|Q6R650|K1C25_CAPHI,333,HSLECSLTETEGNYCAQLAQIQAQIGALEEQLHQVR,321,357,36,NYCA,4009.9262135170798,-0.38,4.62,trypsin,N,0,Capra hircus,9925,KRT25,2,1
sp|Q6T5B8|GDF8_CAPHI,40,GLCNACLWR,37,46,9,NACL,1034.47899112726,0.57,8.07,trypsin,N,0,Capra hircus,9925,MSTN,2,2
sp|Q6T5B8|GDF8_CAPHI,71,LETAPNISK,66,75,9,NISK,971.52876068731,-0.43,6.0,trypsin,N,0,Capra hircus,9925,MSTN,2,2
sp|Q6T5B8|GDF8_CAPHI,307,ANYCSGECEFLFLQK,306,321,15,NYCS,1750.76947861182,-0.03,4.53,trypsin,N,0,Capra hircus,9925,MSTN,2,2
sp|Q7M323|PLMN_CAPHI,88,TPESYPNAGLTMNYCR,76,92,16,NYCR,1815.7920049615502,-0.84,5.66,trypsin,N,0,Capra hircus,9925,PLG,1,1
sp|Q8HY83|FSHB_CAPHI,25,SCELTNITITVEK,20,33,13,NITI,1449.7384957533698,0.17,4.53,trypsin,N,0,Capra hircus,9925,FSHB,2,1
sp|Q8HY83|FSHB_CAPHI,42,EECSFCISINTTWCAGYCYTR,33,54,21,NTTW,2448.98471006448,0.05,4.53,trypsin,N,0,Capra hircus,9925,FSHB,2,1
sp|Q8WMW8|GLHA_CAPHI,80,NITSEATCCVAK,80,92,12,NITS,1238.5635085968602,0.35,5.99,trypsin,N,0,Capra hircus,9925,CGA,2,1
sp|Q8WMW8|GLHA_CAPHI,106,VENHTDCHCSTCYYHK,104,120,16,NHTD,1938.7447374992998,-1.07,6.25,trypsin,N,0,Capra hircus,9925,CGA,2,1
sp|Q9GK76|PTAFR_CAPHI,4,MEPNNSFR,1,9,8,NNSF,993.43381475665,-1.59,5.75,trypsin,N,0,Capra hircus,9925,PTAFR,3,1
sp|Q9GK76|PTAFR_CAPHI,58,IFMVNLTMADLLFLVTLPLWIVYYYNQGDWILPK,54,88,34,NLTM,4102.17559893232,0.94,4.21,trypsin,N,0,Capra hircus,9925,PTAFR,3,1
sp|Q9GK76|PTAFR_CAPHI,169,TGSGNITR,165,173,8,NITR,804.4089799078,-0.81,9.41,trypsin,N,0,Capra hircus,9925,PTAFR,3,1
sp|Q9TUG3|HSP72_CAPHI,152,VQSAVITVPAYFNDSQR,140,157,17,NDSQ,1893.9584760396901,-0.01,5.81,trypsin,N,0,Capra hircus,9925,HSPA2,3,1
sp|Q9TUG3|HSP72_CAPHI,420,NTTIPTK,420,427,7,NTTI,773.4283183700501,-0.94,8.75,trypsin,N,0,Capra hircus,9925,HSPA2,3,1
sp|Q9TUG3|HSP72_CAPHI,437,QTQTFTTYSDNQSSVLVQVYEGER,427,451,24,NQSS,2779.2936818705402,-0.9,4.14,trypsin,N,0,Capra hircus,9925,HSPA2,3,1
sp|Q9TUG3|HSP72_CAPHI,490,GVPQIEVTFDIDANGILNVTAADK,473,497,24,NVTA,2499.28568338614,0.25,4.05,trypsin,N,0,Capra hircus,9925,HSPA2,3,1
sp|A5JSS2|RL21_CAPHI,66,VYNVTQHAVGIIVNK,64,79,15,NVTQ,1653.92024005617,0.51,8.57,trypsin,N,0,Capra hircus,9925,RPL21,2,1
sp|P36835|IL2_CAPHI,70,VNDTELK,69,76,7,NDTE,817.4181476091701,-1.01,4.37,trypsin,N,0,Capra hircus,9925,IL2,2,1
sp|Q6R645|KR151_CAPHI,4,MSFNCSTGNFSR,1,13,12,NCST,1349.54925551505,-0.42,8.0,trypsin,N,0,Capra hircus,9925,KRTAP15-1,2,1
sp|Q6R645|KR151_CAPHI,9,MSFNCSTGNFSR,1,13,12,NFSR,1349.54925551505,-0.42,8.0,trypsin,N,0,Capra hircus,9925,KRTAP15-1,2,1
sp|Q6R645|KR151_CAPHI,119,SPCQTIYTGSLGSGNIGLGSFGCGSTGFQSLGCGSNFCSPTYVSSR,84,130,46,NFCS,4541.003220161429,0.08,7.62,trypsin,N,0,Capra hircus,9925,KRTAP15-1,2,1
